May  9 00:09:31 macbook-air syslogd[134]: ASL Sender Statistics
May  9 00:24:31 macbook-air syslogd[134]: ASL Sender Statistics
May  9 00:30:00 macbook-air syslogd[134]: Configuration Notice:
	ASL Module "com.apple.cdscheduler" claims selected messages.
	Those messages may not appear in standard system log files or in the ASL database.
May  9 00:30:00 macbook-air syslogd[134]: Configuration Notice:
	ASL Module "com.apple.install" claims selected messages.
	Those messages may not appear in standard system log files or in the ASL database.
May  9 00:30:00 macbook-air syslogd[134]: Configuration Notice:
	ASL Module "com.apple.authd" sharing output destination "/var/log/asl" with ASL Module "com.apple.asl".
	Output parameters from ASL Module "com.apple.asl" override any specified in ASL Module "com.apple.authd".
May  9 00:30:00 macbook-air syslogd[134]: Configuration Notice:
	ASL Module "com.apple.authd" sharing output destination "/var/log/system.log" with ASL Module "com.apple.asl".
	Output parameters from ASL Module "com.apple.asl" override any specified in ASL Module "com.apple.authd".
May  9 00:30:00 macbook-air syslogd[134]: Configuration Notice:
	ASL Module "com.apple.authd" claims selected messages.
	Those messages may not appear in standard system log files or in the ASL database.
May  9 00:30:00 macbook-air syslogd[134]: Configuration Notice:
	ASL Module "com.apple.eventmonitor" claims selected messages.
	Those messages may not appear in standard system log files or in the ASL database.
May  9 00:30:00 macbook-air syslogd[134]: Configuration Notice:
	ASL Module "com.apple.mail" claims selected messages.
	Those messages may not appear in standard system log files or in the ASL database.
May  9 00:30:00 macbook-air syslogd[134]: Configuration Notice:
	ASL Module "com.apple.performance" claims selected messages.
	Those messages may not appear in standard system log files or in the ASL database.
May  9 00:30:00 macbook-air syslogd[134]: Configuration Notice:
	ASL Module "com.apple.iokit.power" claims selected messages.
	Those messages may not appear in standard system log files or in the ASL database.
May  9 00:30:00 macbook-air syslogd[134]: Configuration Notice:
	ASL Module "com.apple.contacts.ContactsAutocomplete" claims selected messages.
	Those messages may not appear in standard system log files or in the ASL database.
May  9 00:30:00 macbook-air syslogd[134]: Configuration Notice:
	ASL Module "com.apple.mkb" sharing output destination "/private/var/log/keybagd.log" with ASL Module "com.apple.mkb.internal".
	Output parameters from ASL Module "com.apple.mkb.internal" override any specified in ASL Module "com.apple.mkb".
May  9 00:30:00 macbook-air syslogd[134]: Configuration Notice:
	ASL Module "com.apple.mkb" claims selected messages.
	Those messages may not appear in standard system log files or in the ASL database.
May  9 00:30:00 macbook-air syslogd[134]: Configuration Notice:
	ASL Module "com.apple.MessageTracer" claims selected messages.
	Those messages may not appear in standard system log files or in the ASL database.
May  9 00:39:31 macbook-air syslogd[134]: ASL Sender Statistics
May  9 00:54:31 macbook-air syslogd[134]: ASL Sender Statistics
May  9 01:09:31 macbook-air syslogd[134]: ASL Sender Statistics
May  9 01:24:31 macbook-air syslogd[134]: ASL Sender Statistics
May  9 01:36:35 macbook-air syslogd[134]: ASL Sender Statistics
May  9 01:54:31 macbook-air syslogd[134]: ASL Sender Statistics
May  9 02:05:09 macbook-air syslogd[134]: ASL Sender Statistics
May  9 02:15:13 macbook-air syslogd[134]: ASL Sender Statistics
May  9 02:25:17 macbook-air syslogd[134]: ASL Sender Statistics
May  9 02:35:20 macbook-air syslogd[134]: ASL Sender Statistics
May  9 02:45:24 macbook-air syslogd[134]: ASL Sender Statistics
May  9 02:55:28 macbook-air syslogd[134]: ASL Sender Statistics
May  9 03:05:32 macbook-air syslogd[134]: ASL Sender Statistics
May  9 03:15:36 macbook-air syslogd[134]: ASL Sender Statistics
May  9 03:25:40 macbook-air syslogd[134]: ASL Sender Statistics
May  9 03:35:43 macbook-air syslogd[134]: ASL Sender Statistics
May  9 03:47:34 macbook-air syslogd[134]: ASL Sender Statistics
May  9 03:47:35 macbook-air sessionlogoutd[2217]: DEAD_PROCESS: 170 console
May  9 03:47:36 macbook-air shutdown[2218]: SHUTDOWN_TIME: 1778316456 64512
May  9 03:48:17 localhost bootlog[0]: BOOT_TIME 1778316497 0
May  9 03:48:42 localhost syslogd[134]: Configuration Notice:
	ASL Module "com.apple.cdscheduler" claims selected messages.
	Those messages may not appear in standard system log files or in the ASL database.
May  9 03:48:42 localhost syslogd[134]: Configuration Notice:
	ASL Module "com.apple.install" claims selected messages.
	Those messages may not appear in standard system log files or in the ASL database.
May  9 03:48:42 localhost syslogd[134]: Configuration Notice:
	ASL Module "com.apple.authd" sharing output destination "/var/log/asl" with ASL Module "com.apple.asl".
	Output parameters from ASL Module "com.apple.asl" override any specified in ASL Module "com.apple.authd".
May  9 03:48:42 localhost syslogd[134]: Configuration Notice:
	ASL Module "com.apple.authd" sharing output destination "/var/log/system.log" with ASL Module "com.apple.asl".
	Output parameters from ASL Module "com.apple.asl" override any specified in ASL Module "com.apple.authd".
May  9 03:48:42 localhost syslogd[134]: Configuration Notice:
	ASL Module "com.apple.authd" claims selected messages.
	Those messages may not appear in standard system log files or in the ASL database.
May  9 03:48:42 localhost syslogd[134]: Configuration Notice:
	ASL Module "com.apple.eventmonitor" claims selected messages.
	Those messages may not appear in standard system log files or in the ASL database.
May  9 03:48:42 localhost syslogd[134]: Configuration Notice:
	ASL Module "com.apple.mail" claims selected messages.
	Those messages may not appear in standard system log files or in the ASL database.
May  9 03:48:42 localhost syslogd[134]: Configuration Notice:
	ASL Module "com.apple.performance" claims selected messages.
	Those messages may not appear in standard system log files or in the ASL database.
May  9 03:48:42 localhost syslogd[134]: Configuration Notice:
	ASL Module "com.apple.iokit.power" claims selected messages.
	Those messages may not appear in standard system log files or in the ASL database.
May  9 03:48:42 localhost syslogd[134]: Configuration Notice:
	ASL Module "com.apple.contacts.ContactsAutocomplete" claims selected messages.
	Those messages may not appear in standard system log files or in the ASL database.
May  9 03:48:42 localhost syslogd[134]: Configuration Notice:
	ASL Module "com.apple.mkb" sharing output destination "/private/var/log/keybagd.log" with ASL Module "com.apple.mkb.internal".
	Output parameters from ASL Module "com.apple.mkb.internal" override any specified in ASL Module "com.apple.mkb".
May  9 03:48:42 localhost syslogd[134]: Configuration Notice:
	ASL Module "com.apple.mkb" claims selected messages.
	Those messages may not appear in standard system log files or in the ASL database.
May  9 03:48:42 localhost syslogd[134]: Configuration Notice:
	ASL Module "com.apple.MessageTracer" claims selected messages.
	Those messages may not appear in standard system log files or in the ASL database.
May  9 03:48:42 localhost syslogd[134]: ASL Sender Statistics
May  9 03:49:06 MacBook-Air loginwindow[170]: Clearing phase info
May  9 03:49:06 MacBook-Air loginwindow[170]: calling progress app remoteObjectProxy
May  9 03:49:06 MacBook-Air loginwindow[170]: Creating connection
May  9 03:49:06 MacBook-Air loginwindow[170]: Connection = 0x600000590460, callers = (
	    "<IASUPCaller: 0x60000369c630>"
	)
May  9 03:49:06 MacBook-Air loginwindow[170]: version = 2
May  9 03:49:06 MacBook-Air loginwindow[170]: isModernOS = 1
May  9 03:49:06 MacBook-Air loginwindow[170]: Add phase named "IOKit Boot", progress 1.000000, delayInSeconds 0
May  9 03:49:06 MacBook-Air loginwindow[170]: Add phase named "loginwindow Boot", progress 99.000000, delayInSeconds -1
May  9 03:49:06 MacBook-Air loginwindow[170]: Connection = 0x600000590460, callers = (
	    "<IASUPCaller: 0x60000369c630>",
	    "<IASUPCaller: 0x600003690840>"
	)
May  9 03:49:06 MacBook-Air loginwindow[170]: client 0x6000021a78c0: phaseName = "loginwindow Boot", registering connection
May  9 03:49:06 MacBook-Air loginwindow[170]: client 0x6000021a78c0: phaseName = "loginwindow Boot" was created
May  9 03:49:06 MacBook-Air loginwindow[170]: Connection = 0x600000590460, callers = (
	    "<IASUPCaller: 0x60000369c630>",
	    "<IASUPCaller: 0x600003690840>",
	    "<IASUPCaller: 0x60000368cc70>"
	)
May  9 03:49:06 MacBook-Air loginwindow[170]: client 0x6000021a7e00: phaseName = "IOKit Boot", registering connection
May  9 03:49:06 MacBook-Air loginwindow[170]: client 0x6000021a7e00: phaseName = "IOKit Boot" was created
May  9 03:49:06 MacBook-Air loginwindow[170]: client 0x6000021a7e00: phaseName = "IOKit Boot", show progress UI called
May  9 03:49:06 MacBook-Air loginwindow[170]: ISAP: Show progress UI called
May  9 03:49:06 MacBook-Air loginwindow[170]: client 0x6000021a7e00: phaseName = "IOKit Boot" is done
May  9 03:49:06 MacBook-Air loginwindow[170]: ISAP: Done with Phase "IOKit Boot"
May  9 03:49:06 MacBook-Air loginwindow[170]: client 0x6000021a7e00: phaseName = "IOKit Boot" is being released
May  9 03:49:06 MacBook-Air loginwindow[170]: Releasing Connection
May  9 03:49:06 MacBook-Air loginwindow[170]: client 0x6000021a78c0: handler = 0x600003ab4060
May  9 03:49:07 MacBook-Air loginwindow[170]: client 0x6000021a78c0: phaseName = "loginwindow Boot" is done
May  9 03:49:07 MacBook-Air loginwindow[170]: ISAP: Done with Phase "loginwindow Boot"
May  9 03:49:08 MacBook-Air loginwindow[170]: Calling completion handler for 0x6000021a78c0
May  9 03:49:08 MacBook-Air loginwindow[170]: client 0x6000021a78c0: phaseName = "loginwindow Boot" is already done
May  9 03:49:08 MacBook-Air loginwindow[170]: client 0x6000021a78c0: phaseName = "loginwindow Boot", hide progress UI called
May  9 03:49:08 MacBook-Air loginwindow[170]: ISAP: hide progress UI called
May  9 03:49:08 MacBook-Air loginwindow[170]: client 0x6000021a78c0: phaseName = "loginwindow Boot" is being released
May  9 03:49:08 MacBook-Air loginwindow[170]: Releasing Connection
May  9 03:49:13 MacBook-Air loginwindow[170]: The connection was interrupted, calling interruption handlers
May  9 03:49:21 macbook-air loginwindow[170]: USER_PROCESS: 170 console
May  9 03:49:22 macbook-air AMPDeviceDiscoveryAgent[477]: tid:1403 - This is here just to make sure we empty our found devices queue
May  9 03:49:22 macbook-air AMPDeviceDiscoveryAgent[477]: tid:1403 - (null)
May  9 03:49:22 macbook-air AMPDeviceDiscoveryAgent[477]: tid:1403 - Failed to subscribe for booted OS device notifications.
May  9 03:49:22 macbook-air AMPDeviceDiscoveryAgent[477]: tid:103 - (null)
May  9 03:50:06 macbook-air loginwindow[170]: There is still an active connection
May  9 03:50:38 --- last message repeated 1 time ---
May  9 04:10:36 macbook-air syslogd[134]: ASL Sender Statistics
May  9 04:21:55 macbook-air login[1446]: USER_PROCESS: 1446 ttys000
May  9 04:21:55 macbook-air syslogd[134]: ASL Sender Statistics
May  9 04:26:53 macbook-air login[1446]: DEAD_PROCESS: 1446 ttys000
May  9 04:26:54 macbook-air sessionlogoutd[2372]: DEAD_PROCESS: 170 console
May  9 04:26:54 macbook-air shutdown[2376]: SHUTDOWN_TIME: 1778318814 638298
May  9 04:27:48 localhost bootlog[0]: BOOT_TIME 1778318868 0
May  9 04:28:13 localhost syslogd[134]: Configuration Notice:
	ASL Module "com.apple.cdscheduler" claims selected messages.
	Those messages may not appear in standard system log files or in the ASL database.
May  9 04:28:13 localhost syslogd[134]: Configuration Notice:
	ASL Module "com.apple.install" claims selected messages.
	Those messages may not appear in standard system log files or in the ASL database.
May  9 04:28:13 localhost syslogd[134]: Configuration Notice:
	ASL Module "com.apple.authd" sharing output destination "/var/log/asl" with ASL Module "com.apple.asl".
	Output parameters from ASL Module "com.apple.asl" override any specified in ASL Module "com.apple.authd".
May  9 04:28:13 localhost syslogd[134]: Configuration Notice:
	ASL Module "com.apple.authd" sharing output destination "/var/log/system.log" with ASL Module "com.apple.asl".
	Output parameters from ASL Module "com.apple.asl" override any specified in ASL Module "com.apple.authd".
May  9 04:28:13 localhost syslogd[134]: Configuration Notice:
	ASL Module "com.apple.authd" claims selected messages.
	Those messages may not appear in standard system log files or in the ASL database.
May  9 04:28:13 localhost syslogd[134]: Configuration Notice:
	ASL Module "com.apple.eventmonitor" claims selected messages.
	Those messages may not appear in standard system log files or in the ASL database.
May  9 04:28:13 localhost syslogd[134]: Configuration Notice:
	ASL Module "com.apple.mail" claims selected messages.
	Those messages may not appear in standard system log files or in the ASL database.
May  9 04:28:13 localhost syslogd[134]: Configuration Notice:
	ASL Module "com.apple.performance" claims selected messages.
	Those messages may not appear in standard system log files or in the ASL database.
May  9 04:28:13 localhost syslogd[134]: Configuration Notice:
	ASL Module "com.apple.iokit.power" claims selected messages.
	Those messages may not appear in standard system log files or in the ASL database.
May  9 04:28:13 localhost syslogd[134]: Configuration Notice:
	ASL Module "com.apple.contacts.ContactsAutocomplete" claims selected messages.
	Those messages may not appear in standard system log files or in the ASL database.
May  9 04:28:13 localhost syslogd[134]: Configuration Notice:
	ASL Module "com.apple.mkb" sharing output destination "/private/var/log/keybagd.log" with ASL Module "com.apple.mkb.internal".
	Output parameters from ASL Module "com.apple.mkb.internal" override any specified in ASL Module "com.apple.mkb".
May  9 04:28:13 localhost syslogd[134]: Configuration Notice:
	ASL Module "com.apple.mkb" claims selected messages.
	Those messages may not appear in standard system log files or in the ASL database.
May  9 04:28:13 localhost syslogd[134]: Configuration Notice:
	ASL Module "com.apple.MessageTracer" claims selected messages.
	Those messages may not appear in standard system log files or in the ASL database.
May  9 04:28:13 localhost syslogd[134]: ASL Sender Statistics
May  9 04:28:36 MacBook-Pro loginwindow[170]: Clearing phase info
May  9 04:28:36 MacBook-Pro loginwindow[170]: calling progress app remoteObjectProxy
May  9 04:28:36 MacBook-Pro loginwindow[170]: Creating connection
May  9 04:28:36 MacBook-Pro loginwindow[170]: Connection = 0x60000188d860, callers = (
	    "<IASUPCaller: 0x600002b9c340>"
	)
May  9 04:28:36 MacBook-Pro loginwindow[170]: version = 2
May  9 04:28:36 MacBook-Pro loginwindow[170]: isModernOS = 1
May  9 04:28:36 MacBook-Pro loginwindow[170]: Add phase named "IOKit Boot", progress 1.000000, delayInSeconds 0
May  9 04:28:36 MacBook-Pro loginwindow[170]: Add phase named "loginwindow Boot", progress 99.000000, delayInSeconds -1
May  9 04:28:36 MacBook-Pro loginwindow[170]: Connection = 0x60000188d860, callers = (
	    "<IASUPCaller: 0x600002b9c340>",
	    "<IASUPCaller: 0x600002b80df0>"
	)
May  9 04:28:36 MacBook-Pro loginwindow[170]: client 0x600003caf540: phaseName = "loginwindow Boot", registering connection
May  9 04:28:36 MacBook-Pro loginwindow[170]: client 0x600003caf540: phaseName = "loginwindow Boot" was created
May  9 04:28:36 MacBook-Pro loginwindow[170]: Connection = 0x60000188d860, callers = (
	    "<IASUPCaller: 0x600002b9c340>",
	    "<IASUPCaller: 0x600002b80df0>",
	    "<IASUPCaller: 0x600002b80e20>"
	)
May  9 04:28:36 MacBook-Pro loginwindow[170]: client 0x600003caf340: phaseName = "IOKit Boot", registering connection
May  9 04:28:36 MacBook-Pro loginwindow[170]: client 0x600003caf340: phaseName = "IOKit Boot" was created
May  9 04:28:36 MacBook-Pro loginwindow[170]: client 0x600003caf340: phaseName = "IOKit Boot", show progress UI called
May  9 04:28:36 MacBook-Pro loginwindow[170]: ISAP: Show progress UI called
May  9 04:28:36 MacBook-Pro loginwindow[170]: client 0x600003caf340: phaseName = "IOKit Boot" is done
May  9 04:28:36 MacBook-Pro loginwindow[170]: ISAP: Done with Phase "IOKit Boot"
May  9 04:28:36 MacBook-Pro loginwindow[170]: client 0x600003caf340: phaseName = "IOKit Boot" is being released
May  9 04:28:36 MacBook-Pro loginwindow[170]: Releasing Connection
May  9 04:28:36 MacBook-Pro loginwindow[170]: client 0x600003caf540: handler = 0x6000027adfe0
May  9 04:28:37 MacBook-Pro loginwindow[170]: client 0x600003caf540: phaseName = "loginwindow Boot" is done
May  9 04:28:37 MacBook-Pro loginwindow[170]: ISAP: Done with Phase "loginwindow Boot"
May  9 04:28:38 MacBook-Pro loginwindow[170]: Calling completion handler for 0x600003caf540
May  9 04:28:38 MacBook-Pro loginwindow[170]: client 0x600003caf540: phaseName = "loginwindow Boot" is already done
May  9 04:28:38 MacBook-Pro loginwindow[170]: client 0x600003caf540: phaseName = "loginwindow Boot", hide progress UI called
May  9 04:28:38 MacBook-Pro loginwindow[170]: ISAP: hide progress UI called
May  9 04:28:38 MacBook-Pro loginwindow[170]: client 0x600003caf540: phaseName = "loginwindow Boot" is being released
May  9 04:28:38 MacBook-Pro loginwindow[170]: Releasing Connection
May  9 04:28:43 MacBook-Pro loginwindow[170]: The connection was interrupted, calling interruption handlers
May  9 04:29:36 macbook-pro loginwindow[170]: There is still an active connection
May  9 04:29:47 --- last message repeated 1 time ---
May  9 04:29:47 macbook-pro loginwindow[170]: USER_PROCESS: 170 console
May  9 04:29:48 macbook-pro AMPDeviceDiscoveryAgent[490]: tid:1603 - This is here just to make sure we empty our found devices queue
May  9 04:29:48 macbook-pro AMPDeviceDiscoveryAgent[490]: tid:1603 - (null)
May  9 04:29:48 macbook-pro AMPDeviceDiscoveryAgent[490]: tid:1603 - Failed to subscribe for booted OS device notifications.
May  9 04:29:48 macbook-pro AMPDeviceDiscoveryAgent[490]: tid:103 - (null)
May  9 04:33:57 macbook-pro sessionlogoutd[1083]: DEAD_PROCESS: 170 console
May  9 04:33:57 macbook-pro shutdown[1085]: SHUTDOWN_TIME: 1778319237 453080
May  9 04:34:49 localhost bootlog[0]: BOOT_TIME 1778319289 0
May  9 04:35:13 localhost syslogd[134]: Configuration Notice:
	ASL Module "com.apple.cdscheduler" claims selected messages.
	Those messages may not appear in standard system log files or in the ASL database.
May  9 04:35:13 localhost syslogd[134]: Configuration Notice:
	ASL Module "com.apple.install" claims selected messages.
	Those messages may not appear in standard system log files or in the ASL database.
May  9 04:35:13 localhost syslogd[134]: Configuration Notice:
	ASL Module "com.apple.authd" sharing output destination "/var/log/asl" with ASL Module "com.apple.asl".
	Output parameters from ASL Module "com.apple.asl" override any specified in ASL Module "com.apple.authd".
May  9 04:35:13 localhost syslogd[134]: Configuration Notice:
	ASL Module "com.apple.authd" sharing output destination "/var/log/system.log" with ASL Module "com.apple.asl".
	Output parameters from ASL Module "com.apple.asl" override any specified in ASL Module "com.apple.authd".
May  9 04:35:13 localhost syslogd[134]: Configuration Notice:
	ASL Module "com.apple.authd" claims selected messages.
	Those messages may not appear in standard system log files or in the ASL database.
May  9 04:35:13 localhost syslogd[134]: Configuration Notice:
	ASL Module "com.apple.eventmonitor" claims selected messages.
	Those messages may not appear in standard system log files or in the ASL database.
May  9 04:35:13 localhost syslogd[134]: Configuration Notice:
	ASL Module "com.apple.mail" claims selected messages.
	Those messages may not appear in standard system log files or in the ASL database.
May  9 04:35:13 localhost syslogd[134]: Configuration Notice:
	ASL Module "com.apple.performance" claims selected messages.
	Those messages may not appear in standard system log files or in the ASL database.
May  9 04:35:13 localhost syslogd[134]: Configuration Notice:
	ASL Module "com.apple.iokit.power" claims selected messages.
	Those messages may not appear in standard system log files or in the ASL database.
May  9 04:35:13 localhost syslogd[134]: Configuration Notice:
	ASL Module "com.apple.contacts.ContactsAutocomplete" claims selected messages.
	Those messages may not appear in standard system log files or in the ASL database.
May  9 04:35:13 localhost syslogd[134]: Configuration Notice:
	ASL Module "com.apple.mkb" sharing output destination "/private/var/log/keybagd.log" with ASL Module "com.apple.mkb.internal".
	Output parameters from ASL Module "com.apple.mkb.internal" override any specified in ASL Module "com.apple.mkb".
May  9 04:35:13 localhost syslogd[134]: Configuration Notice:
	ASL Module "com.apple.mkb" claims selected messages.
	Those messages may not appear in standard system log files or in the ASL database.
May  9 04:35:13 localhost syslogd[134]: Configuration Notice:
	ASL Module "com.apple.MessageTracer" claims selected messages.
	Those messages may not appear in standard system log files or in the ASL database.
May  9 04:35:13 localhost syslogd[134]: ASL Sender Statistics
May  9 04:35:37 MacBook-Air loginwindow[170]: Clearing phase info
May  9 04:35:37 MacBook-Air loginwindow[170]: calling progress app remoteObjectProxy
May  9 04:35:37 MacBook-Air loginwindow[170]: Creating connection
May  9 04:35:37 MacBook-Air loginwindow[170]: Connection = 0x600000c28460, callers = (
	    "<IASUPCaller: 0x600003f2c390>"
	)
May  9 04:35:37 MacBook-Air loginwindow[170]: version = 2
May  9 04:35:37 MacBook-Air loginwindow[170]: isModernOS = 1
May  9 04:35:37 MacBook-Air loginwindow[170]: Add phase named "IOKit Boot", progress 1.000000, delayInSeconds 0
May  9 04:35:37 MacBook-Air loginwindow[170]: Add phase named "loginwindow Boot", progress 99.000000, delayInSeconds -1
May  9 04:35:37 MacBook-Air loginwindow[170]: Connection = 0x600000c28460, callers = (
	    "<IASUPCaller: 0x600003f2c390>",
	    "<IASUPCaller: 0x600003f242f0>"
	)
May  9 04:35:37 MacBook-Air loginwindow[170]: client 0x600002824000: phaseName = "loginwindow Boot", registering connection
May  9 04:35:37 MacBook-Air loginwindow[170]: client 0x600002824000: phaseName = "loginwindow Boot" was created
May  9 04:35:37 MacBook-Air loginwindow[170]: Connection = 0x600000c28460, callers = (
	    "<IASUPCaller: 0x600003f2c390>",
	    "<IASUPCaller: 0x600003f242f0>",
	    "<IASUPCaller: 0x600003f24300>"
	)
May  9 04:35:37 MacBook-Air loginwindow[170]: client 0x600002824600: phaseName = "IOKit Boot", registering connection
May  9 04:35:37 MacBook-Air loginwindow[170]: client 0x600002824600: phaseName = "IOKit Boot" was created
May  9 04:35:37 MacBook-Air loginwindow[170]: client 0x600002824600: phaseName = "IOKit Boot", show progress UI called
May  9 04:35:37 MacBook-Air loginwindow[170]: ISAP: Show progress UI called
May  9 04:35:37 MacBook-Air loginwindow[170]: client 0x600002824600: phaseName = "IOKit Boot" is done
May  9 04:35:37 MacBook-Air loginwindow[170]: ISAP: Done with Phase "IOKit Boot"
May  9 04:35:37 MacBook-Air loginwindow[170]: client 0x600002824600: phaseName = "IOKit Boot" is being released
May  9 04:35:37 MacBook-Air loginwindow[170]: Releasing Connection
May  9 04:35:37 MacBook-Air loginwindow[170]: client 0x600002824000: handler = 0x6000033383c0
May  9 04:35:38 MacBook-Air loginwindow[170]: client 0x600002824000: phaseName = "loginwindow Boot" is done
May  9 04:35:38 MacBook-Air loginwindow[170]: ISAP: Done with Phase "loginwindow Boot"
May  9 04:35:39 MacBook-Air loginwindow[170]: Calling completion handler for 0x600002824000
May  9 04:35:39 MacBook-Air loginwindow[170]: client 0x600002824000: phaseName = "loginwindow Boot" is already done
May  9 04:35:39 MacBook-Air loginwindow[170]: client 0x600002824000: phaseName = "loginwindow Boot", hide progress UI called
May  9 04:35:39 MacBook-Air loginwindow[170]: ISAP: hide progress UI called
May  9 04:35:39 MacBook-Air loginwindow[170]: client 0x600002824000: phaseName = "loginwindow Boot" is being released
May  9 04:35:39 MacBook-Air loginwindow[170]: Releasing Connection
May  9 04:35:44 MacBook-Air loginwindow[170]: USER_PROCESS: 170 console
May  9 04:35:44 MacBook-Air loginwindow[170]: The connection was interrupted, calling interruption handlers
May  9 04:35:45 MacBook-Air AMPDeviceDiscoveryAgent[459]: tid:1903 - This is here just to make sure we empty our found devices queue
May  9 04:35:45 MacBook-Air AMPDeviceDiscoveryAgent[459]: tid:1903 - (null)
May  9 04:35:45 MacBook-Air AMPDeviceDiscoveryAgent[459]: tid:1903 - Failed to subscribe for booted OS device notifications.
May  9 04:35:45 MacBook-Air AMPDeviceDiscoveryAgent[459]: tid:103 - (null)
May  9 04:36:37 MacBook-Air loginwindow[170]: There is still an active connection
May  9 04:37:09 --- last message repeated 1 time ---
May  9 04:45:52 macbook-air syslogd[134]: ASL Sender Statistics
May  9 04:45:53 macbook-air sessionlogoutd[2747]: DEAD_PROCESS: 170 console
May  9 04:45:53 macbook-air shutdown[2750]: SHUTDOWN_TIME: 1778319953 247792
May  9 04:46:40 localhost bootlog[0]: BOOT_TIME 1778320000 0
May  9 04:47:04 localhost syslogd[134]: Configuration Notice:
	ASL Module "com.apple.cdscheduler" claims selected messages.
	Those messages may not appear in standard system log files or in the ASL database.
May  9 04:47:04 localhost syslogd[134]: Configuration Notice:
	ASL Module "com.apple.install" claims selected messages.
	Those messages may not appear in standard system log files or in the ASL database.
May  9 04:47:04 localhost syslogd[134]: Configuration Notice:
	ASL Module "com.apple.authd" sharing output destination "/var/log/asl" with ASL Module "com.apple.asl".
	Output parameters from ASL Module "com.apple.asl" override any specified in ASL Module "com.apple.authd".
May  9 04:47:04 localhost syslogd[134]: Configuration Notice:
	ASL Module "com.apple.authd" sharing output destination "/var/log/system.log" with ASL Module "com.apple.asl".
	Output parameters from ASL Module "com.apple.asl" override any specified in ASL Module "com.apple.authd".
May  9 04:47:04 localhost syslogd[134]: Configuration Notice:
	ASL Module "com.apple.authd" claims selected messages.
	Those messages may not appear in standard system log files or in the ASL database.
May  9 04:47:04 localhost syslogd[134]: Configuration Notice:
	ASL Module "com.apple.eventmonitor" claims selected messages.
	Those messages may not appear in standard system log files or in the ASL database.
May  9 04:47:04 localhost syslogd[134]: Configuration Notice:
	ASL Module "com.apple.mail" claims selected messages.
	Those messages may not appear in standard system log files or in the ASL database.
May  9 04:47:04 localhost syslogd[134]: Configuration Notice:
	ASL Module "com.apple.performance" claims selected messages.
	Those messages may not appear in standard system log files or in the ASL database.
May  9 04:47:04 localhost syslogd[134]: Configuration Notice:
	ASL Module "com.apple.iokit.power" claims selected messages.
	Those messages may not appear in standard system log files or in the ASL database.
May  9 04:47:04 localhost syslogd[134]: Configuration Notice:
	ASL Module "com.apple.contacts.ContactsAutocomplete" claims selected messages.
	Those messages may not appear in standard system log files or in the ASL database.
May  9 04:47:04 localhost syslogd[134]: Configuration Notice:
	ASL Module "com.apple.mkb" sharing output destination "/private/var/log/keybagd.log" with ASL Module "com.apple.mkb.internal".
	Output parameters from ASL Module "com.apple.mkb.internal" override any specified in ASL Module "com.apple.mkb".
May  9 04:47:04 localhost syslogd[134]: Configuration Notice:
	ASL Module "com.apple.mkb" claims selected messages.
	Those messages may not appear in standard system log files or in the ASL database.
May  9 04:47:04 localhost syslogd[134]: Configuration Notice:
	ASL Module "com.apple.MessageTracer" claims selected messages.
	Those messages may not appear in standard system log files or in the ASL database.
May  9 04:47:04 localhost syslogd[134]: ASL Sender Statistics
May  9 04:48:39 localhost bootlog[0]: BOOT_TIME 1778320119 0
May  9 04:49:02 localhost syslogd[134]: Configuration Notice:
	ASL Module "com.apple.cdscheduler" claims selected messages.
	Those messages may not appear in standard system log files or in the ASL database.
May  9 04:49:02 localhost syslogd[134]: Configuration Notice:
	ASL Module "com.apple.install" claims selected messages.
	Those messages may not appear in standard system log files or in the ASL database.
May  9 04:49:02 localhost syslogd[134]: Configuration Notice:
	ASL Module "com.apple.authd" sharing output destination "/var/log/asl" with ASL Module "com.apple.asl".
	Output parameters from ASL Module "com.apple.asl" override any specified in ASL Module "com.apple.authd".
May  9 04:49:02 localhost syslogd[134]: Configuration Notice:
	ASL Module "com.apple.authd" sharing output destination "/var/log/system.log" with ASL Module "com.apple.asl".
	Output parameters from ASL Module "com.apple.asl" override any specified in ASL Module "com.apple.authd".
May  9 04:49:02 localhost syslogd[134]: Configuration Notice:
	ASL Module "com.apple.authd" claims selected messages.
	Those messages may not appear in standard system log files or in the ASL database.
May  9 04:49:02 localhost syslogd[134]: Configuration Notice:
	ASL Module "com.apple.eventmonitor" claims selected messages.
	Those messages may not appear in standard system log files or in the ASL database.
May  9 04:49:02 localhost syslogd[134]: Configuration Notice:
	ASL Module "com.apple.mail" claims selected messages.
	Those messages may not appear in standard system log files or in the ASL database.
May  9 04:49:02 localhost syslogd[134]: Configuration Notice:
	ASL Module "com.apple.performance" claims selected messages.
	Those messages may not appear in standard system log files or in the ASL database.
May  9 04:49:02 localhost syslogd[134]: Configuration Notice:
	ASL Module "com.apple.iokit.power" claims selected messages.
	Those messages may not appear in standard system log files or in the ASL database.
May  9 04:49:02 localhost syslogd[134]: Configuration Notice:
	ASL Module "com.apple.contacts.ContactsAutocomplete" claims selected messages.
	Those messages may not appear in standard system log files or in the ASL database.
May  9 04:49:02 localhost syslogd[134]: Configuration Notice:
	ASL Module "com.apple.mkb" sharing output destination "/private/var/log/keybagd.log" with ASL Module "com.apple.mkb.internal".
	Output parameters from ASL Module "com.apple.mkb.internal" override any specified in ASL Module "com.apple.mkb".
May  9 04:49:02 localhost syslogd[134]: Configuration Notice:
	ASL Module "com.apple.mkb" claims selected messages.
	Those messages may not appear in standard system log files or in the ASL database.
May  9 04:49:02 localhost syslogd[134]: Configuration Notice:
	ASL Module "com.apple.MessageTracer" claims selected messages.
	Those messages may not appear in standard system log files or in the ASL database.
May  9 04:49:02 localhost syslogd[134]: ASL Sender Statistics
May  9 04:49:23 MacBook-Air loginwindow[169]: Clearing phase info
May  9 04:49:23 MacBook-Air loginwindow[169]: calling progress app remoteObjectProxy
May  9 04:49:23 MacBook-Air loginwindow[169]: Creating connection
May  9 04:49:23 MacBook-Air loginwindow[169]: Connection = 0x60000208c500, callers = (
	    "<IASUPCaller: 0x60000138c710>"
	)
May  9 04:49:23 MacBook-Air loginwindow[169]: version = 2
May  9 04:49:23 MacBook-Air loginwindow[169]: isModernOS = 1
May  9 04:49:23 MacBook-Air loginwindow[169]: Add phase named "IOKit Boot", progress 1.000000, delayInSeconds 0
May  9 04:49:23 MacBook-Air loginwindow[169]: Add phase named "loginwindow Boot", progress 99.000000, delayInSeconds -1
May  9 04:49:23 MacBook-Air loginwindow[169]: Connection = 0x60000208c500, callers = (
	    "<IASUPCaller: 0x60000138c710>",
	    "<IASUPCaller: 0x600001394860>"
	)
May  9 04:49:23 MacBook-Air loginwindow[169]: client 0x6000004a9280: phaseName = "loginwindow Boot", registering connection
May  9 04:49:23 MacBook-Air loginwindow[169]: client 0x6000004a9280: phaseName = "loginwindow Boot" was created
May  9 04:49:23 MacBook-Air loginwindow[169]: Connection = 0x60000208c500, callers = (
	    "<IASUPCaller: 0x60000138c710>",
	    "<IASUPCaller: 0x600001394860>",
	    "<IASUPCaller: 0x600001394870>"
	)
May  9 04:49:23 MacBook-Air loginwindow[169]: client 0x6000004a9400: phaseName = "IOKit Boot", registering connection
May  9 04:49:23 MacBook-Air loginwindow[169]: client 0x6000004a9400: phaseName = "IOKit Boot" was created
May  9 04:49:23 MacBook-Air loginwindow[169]: client 0x6000004a9400: phaseName = "IOKit Boot", show progress UI called
May  9 04:49:23 MacBook-Air loginwindow[169]: ISAP: Show progress UI called
May  9 04:49:23 MacBook-Air loginwindow[169]: client 0x6000004a9400: phaseName = "IOKit Boot" is done
May  9 04:49:23 MacBook-Air loginwindow[169]: ISAP: Done with Phase "IOKit Boot"
May  9 04:49:23 MacBook-Air loginwindow[169]: client 0x6000004a9400: phaseName = "IOKit Boot" is being released
May  9 04:49:23 MacBook-Air loginwindow[169]: Releasing Connection
May  9 04:49:23 MacBook-Air loginwindow[169]: client 0x6000004a9280: handler = 0x600001fbb570
May  9 04:49:25 MacBook-Air loginwindow[169]: client 0x6000004a9280: phaseName = "loginwindow Boot" is done
May  9 04:49:25 MacBook-Air loginwindow[169]: ISAP: Done with Phase "loginwindow Boot"
May  9 04:49:25 MacBook-Air loginwindow[169]: Calling completion handler for 0x6000004a9280
May  9 04:49:25 MacBook-Air loginwindow[169]: client 0x6000004a9280: phaseName = "loginwindow Boot" is already done
May  9 04:49:25 MacBook-Air loginwindow[169]: client 0x6000004a9280: phaseName = "loginwindow Boot", hide progress UI called
May  9 04:49:25 MacBook-Air loginwindow[169]: ISAP: hide progress UI called
May  9 04:49:25 MacBook-Air loginwindow[169]: client 0x6000004a9280: phaseName = "loginwindow Boot" is being released
May  9 04:49:25 MacBook-Air loginwindow[169]: Releasing Connection
May  9 04:49:30 MacBook-Air loginwindow[169]: USER_PROCESS: 169 console
May  9 04:49:31 MacBook-Air loginwindow[169]: The connection was interrupted, calling interruption handlers
May  9 04:49:31 MacBook-Air AMPDeviceDiscoveryAgent[432]: tid:e03 - This is here just to make sure we empty our found devices queue
May  9 04:49:31 MacBook-Air AMPDeviceDiscoveryAgent[432]: tid:e03 - (null)
May  9 04:49:31 MacBook-Air AMPDeviceDiscoveryAgent[432]: tid:e03 - Failed to subscribe for booted OS device notifications.
May  9 04:49:32 MacBook-Air AMPDeviceDiscoveryAgent[432]: tid:103 - (null)
May  9 04:50:24 macbook-air loginwindow[169]: There is still an active connection
May  9 04:50:56 --- last message repeated 1 time ---
May  9 04:54:49 macbook-air login[970]: USER_PROCESS: 970 ttys000
May  9 04:59:53 macbook-air login[970]: DEAD_PROCESS: 970 ttys000
May  9 04:59:53 macbook-air syslogd[134]: ASL Sender Statistics
May  9 04:59:54 macbook-air sessionlogoutd[1453]: DEAD_PROCESS: 169 console
May  9 04:59:54 macbook-air shutdown[1456]: SHUTDOWN_TIME: 1778320794 349698
May  9 05:00:53 localhost bootlog[0]: BOOT_TIME 1778320853 0
May  9 05:01:20 localhost syslogd[134]: Configuration Notice:
	ASL Module "com.apple.cdscheduler" claims selected messages.
	Those messages may not appear in standard system log files or in the ASL database.
May  9 05:01:20 localhost syslogd[134]: Configuration Notice:
	ASL Module "com.apple.install" claims selected messages.
	Those messages may not appear in standard system log files or in the ASL database.
May  9 05:01:20 localhost syslogd[134]: Configuration Notice:
	ASL Module "com.apple.authd" sharing output destination "/var/log/asl" with ASL Module "com.apple.asl".
	Output parameters from ASL Module "com.apple.asl" override any specified in ASL Module "com.apple.authd".
May  9 05:01:20 localhost syslogd[134]: Configuration Notice:
	ASL Module "com.apple.authd" sharing output destination "/var/log/system.log" with ASL Module "com.apple.asl".
	Output parameters from ASL Module "com.apple.asl" override any specified in ASL Module "com.apple.authd".
May  9 05:01:20 localhost syslogd[134]: Configuration Notice:
	ASL Module "com.apple.authd" claims selected messages.
	Those messages may not appear in standard system log files or in the ASL database.
May  9 05:01:20 localhost syslogd[134]: Configuration Notice:
	ASL Module "com.apple.eventmonitor" claims selected messages.
	Those messages may not appear in standard system log files or in the ASL database.
May  9 05:01:20 localhost syslogd[134]: Configuration Notice:
	ASL Module "com.apple.mail" claims selected messages.
	Those messages may not appear in standard system log files or in the ASL database.
May  9 05:01:20 localhost syslogd[134]: Configuration Notice:
	ASL Module "com.apple.performance" claims selected messages.
	Those messages may not appear in standard system log files or in the ASL database.
May  9 05:01:20 localhost syslogd[134]: Configuration Notice:
	ASL Module "com.apple.iokit.power" claims selected messages.
	Those messages may not appear in standard system log files or in the ASL database.
May  9 05:01:20 localhost syslogd[134]: Configuration Notice:
	ASL Module "com.apple.contacts.ContactsAutocomplete" claims selected messages.
	Those messages may not appear in standard system log files or in the ASL database.
May  9 05:01:20 localhost syslogd[134]: Configuration Notice:
	ASL Module "com.apple.mkb" sharing output destination "/private/var/log/keybagd.log" with ASL Module "com.apple.mkb.internal".
	Output parameters from ASL Module "com.apple.mkb.internal" override any specified in ASL Module "com.apple.mkb".
May  9 05:01:20 localhost syslogd[134]: Configuration Notice:
	ASL Module "com.apple.mkb" claims selected messages.
	Those messages may not appear in standard system log files or in the ASL database.
May  9 05:01:20 localhost syslogd[134]: Configuration Notice:
	ASL Module "com.apple.MessageTracer" claims selected messages.
	Those messages may not appear in standard system log files or in the ASL database.
May  9 05:01:20 localhost syslogd[134]: ASL Sender Statistics
May  9 05:04:20 localhost bootlog[0]: BOOT_TIME 1778321060 0
May  9 05:04:45 localhost syslogd[134]: Configuration Notice:
	ASL Module "com.apple.cdscheduler" claims selected messages.
	Those messages may not appear in standard system log files or in the ASL database.
May  9 05:04:45 localhost syslogd[134]: Configuration Notice:
	ASL Module "com.apple.install" claims selected messages.
	Those messages may not appear in standard system log files or in the ASL database.
May  9 05:04:45 localhost syslogd[134]: Configuration Notice:
	ASL Module "com.apple.authd" sharing output destination "/var/log/asl" with ASL Module "com.apple.asl".
	Output parameters from ASL Module "com.apple.asl" override any specified in ASL Module "com.apple.authd".
May  9 05:04:45 localhost syslogd[134]: Configuration Notice:
	ASL Module "com.apple.authd" sharing output destination "/var/log/system.log" with ASL Module "com.apple.asl".
	Output parameters from ASL Module "com.apple.asl" override any specified in ASL Module "com.apple.authd".
May  9 05:04:45 localhost syslogd[134]: Configuration Notice:
	ASL Module "com.apple.authd" claims selected messages.
	Those messages may not appear in standard system log files or in the ASL database.
May  9 05:04:45 localhost syslogd[134]: Configuration Notice:
	ASL Module "com.apple.eventmonitor" claims selected messages.
	Those messages may not appear in standard system log files or in the ASL database.
May  9 05:04:45 localhost syslogd[134]: Configuration Notice:
	ASL Module "com.apple.mail" claims selected messages.
	Those messages may not appear in standard system log files or in the ASL database.
May  9 05:04:45 localhost syslogd[134]: Configuration Notice:
	ASL Module "com.apple.performance" claims selected messages.
	Those messages may not appear in standard system log files or in the ASL database.
May  9 05:04:45 localhost syslogd[134]: Configuration Notice:
	ASL Module "com.apple.iokit.power" claims selected messages.
	Those messages may not appear in standard system log files or in the ASL database.
May  9 05:04:45 localhost syslogd[134]: Configuration Notice:
	ASL Module "com.apple.contacts.ContactsAutocomplete" claims selected messages.
	Those messages may not appear in standard system log files or in the ASL database.
May  9 05:04:45 localhost syslogd[134]: Configuration Notice:
	ASL Module "com.apple.mkb" sharing output destination "/private/var/log/keybagd.log" with ASL Module "com.apple.mkb.internal".
	Output parameters from ASL Module "com.apple.mkb.internal" override any specified in ASL Module "com.apple.mkb".
May  9 05:04:45 localhost syslogd[134]: Configuration Notice:
	ASL Module "com.apple.mkb" claims selected messages.
	Those messages may not appear in standard system log files or in the ASL database.
May  9 05:04:45 localhost syslogd[134]: Configuration Notice:
	ASL Module "com.apple.MessageTracer" claims selected messages.
	Those messages may not appear in standard system log files or in the ASL database.
May  9 05:04:45 localhost syslogd[134]: ASL Sender Statistics
May  9 05:05:14 MacBook-Air loginwindow[170]: Clearing phase info
May  9 05:05:14 MacBook-Air loginwindow[170]: calling progress app remoteObjectProxy
May  9 05:05:14 MacBook-Air loginwindow[170]: Creating connection
May  9 05:05:14 MacBook-Air loginwindow[170]: Connection = 0x600001fb8be0, callers = (
	    "<IASUPCaller: 0x600002cb0050>"
	)
May  9 05:05:14 MacBook-Air loginwindow[170]: version = 2
May  9 05:05:14 MacBook-Air loginwindow[170]: isModernOS = 1
May  9 05:05:14 MacBook-Air loginwindow[170]: Add phase named "IOKit Boot", progress 1.000000, delayInSeconds 0
May  9 05:05:14 MacBook-Air loginwindow[170]: Add phase named "loginwindow Boot", progress 99.000000, delayInSeconds -1
May  9 05:05:14 MacBook-Air loginwindow[170]: Connection = 0x600001fb8be0, callers = (
	    "<IASUPCaller: 0x600002cb0050>",
	    "<IASUPCaller: 0x600002cac030>"
	)
May  9 05:05:14 MacBook-Air loginwindow[170]: client 0x600003ba8540: phaseName = "loginwindow Boot", registering connection
May  9 05:05:14 MacBook-Air loginwindow[170]: client 0x600003ba8540: phaseName = "loginwindow Boot" was created
May  9 05:05:14 MacBook-Air loginwindow[170]: Connection = 0x600001fb8be0, callers = (
	    "<IASUPCaller: 0x600002cb0050>",
	    "<IASUPCaller: 0x600002cac030>",
	    "<IASUPCaller: 0x600002cac040>"
	)
May  9 05:05:14 MacBook-Air loginwindow[170]: client 0x600003ba8bc0: phaseName = "IOKit Boot", registering connection
May  9 05:05:14 MacBook-Air loginwindow[170]: client 0x600003ba8bc0: phaseName = "IOKit Boot" was created
May  9 05:05:14 MacBook-Air loginwindow[170]: client 0x600003ba8bc0: phaseName = "IOKit Boot", show progress UI called
May  9 05:05:14 MacBook-Air loginwindow[170]: ISAP: Show progress UI called
May  9 05:05:14 MacBook-Air loginwindow[170]: client 0x600003ba8bc0: phaseName = "IOKit Boot" is done
May  9 05:05:14 MacBook-Air loginwindow[170]: ISAP: Done with Phase "IOKit Boot"
May  9 05:05:14 MacBook-Air loginwindow[170]: client 0x600003ba8bc0: phaseName = "IOKit Boot" is being released
May  9 05:05:14 MacBook-Air loginwindow[170]: Releasing Connection
May  9 05:05:14 MacBook-Air loginwindow[170]: client 0x600003ba8540: handler = 0x6000020bc4b0
May  9 05:05:15 MacBook-Air loginwindow[170]: client 0x600003ba8540: phaseName = "loginwindow Boot" is done
May  9 05:05:15 MacBook-Air loginwindow[170]: ISAP: Done with Phase "loginwindow Boot"
May  9 05:05:16 MacBook-Air loginwindow[170]: Calling completion handler for 0x600003ba8540
May  9 05:05:16 MacBook-Air loginwindow[170]: client 0x600003ba8540: phaseName = "loginwindow Boot" is already done
May  9 05:05:16 MacBook-Air loginwindow[170]: client 0x600003ba8540: phaseName = "loginwindow Boot", hide progress UI called
May  9 05:05:16 MacBook-Air loginwindow[170]: ISAP: hide progress UI called
May  9 05:05:16 MacBook-Air loginwindow[170]: client 0x600003ba8540: phaseName = "loginwindow Boot" is being released
May  9 05:05:16 MacBook-Air loginwindow[170]: Releasing Connection
May  9 05:05:21 MacBook-Air loginwindow[170]: The connection was interrupted, calling interruption handlers
May  9 05:05:26 MacBook-Air loginwindow[170]: USER_PROCESS: 170 console
May  9 05:05:28 MacBook-Air AMPDeviceDiscoveryAgent[447]: tid:f03 - This is here just to make sure we empty our found devices queue
May  9 05:05:28 MacBook-Air AMPDeviceDiscoveryAgent[447]: tid:f03 - (null)
May  9 05:05:28 MacBook-Air AMPDeviceDiscoveryAgent[447]: tid:f03 - Failed to subscribe for booted OS device notifications.
May  9 05:05:28 MacBook-Air AMPDeviceDiscoveryAgent[447]: tid:103 - (null)
May  9 05:06:14 MacBook-Air loginwindow[170]: There is still an active connection
May  9 05:06:46 --- last message repeated 1 time ---
May  9 05:13:16 MacBook-Air login[850]: USER_PROCESS: 850 ttys000
May  9 05:14:46 MacBook-Air syslogd[134]: ASL Sender Statistics
May  9 05:21:22 macbook-air login[850]: DEAD_PROCESS: 850 ttys000
May  9 05:21:22 macbook-air sessionlogoutd[1617]: DEAD_PROCESS: 170 console
May  9 05:21:22 macbook-air shutdown[1620]: SHUTDOWN_TIME: 1778322082 994229
May  9 05:22:14 localhost bootlog[0]: BOOT_TIME 1778322134 0
May  9 05:22:38 localhost syslogd[134]: Configuration Notice:
	ASL Module "com.apple.cdscheduler" claims selected messages.
	Those messages may not appear in standard system log files or in the ASL database.
May  9 05:22:38 localhost syslogd[134]: Configuration Notice:
	ASL Module "com.apple.install" claims selected messages.
	Those messages may not appear in standard system log files or in the ASL database.
May  9 05:22:38 localhost syslogd[134]: Configuration Notice:
	ASL Module "com.apple.authd" sharing output destination "/var/log/asl" with ASL Module "com.apple.asl".
	Output parameters from ASL Module "com.apple.asl" override any specified in ASL Module "com.apple.authd".
May  9 05:22:38 localhost syslogd[134]: Configuration Notice:
	ASL Module "com.apple.authd" sharing output destination "/var/log/system.log" with ASL Module "com.apple.asl".
	Output parameters from ASL Module "com.apple.asl" override any specified in ASL Module "com.apple.authd".
May  9 05:22:38 localhost syslogd[134]: Configuration Notice:
	ASL Module "com.apple.authd" claims selected messages.
	Those messages may not appear in standard system log files or in the ASL database.
May  9 05:22:38 localhost syslogd[134]: Configuration Notice:
	ASL Module "com.apple.eventmonitor" claims selected messages.
	Those messages may not appear in standard system log files or in the ASL database.
May  9 05:22:38 localhost syslogd[134]: Configuration Notice:
	ASL Module "com.apple.mail" claims selected messages.
	Those messages may not appear in standard system log files or in the ASL database.
May  9 05:22:38 localhost syslogd[134]: Configuration Notice:
	ASL Module "com.apple.performance" claims selected messages.
	Those messages may not appear in standard system log files or in the ASL database.
May  9 05:22:38 localhost syslogd[134]: Configuration Notice:
	ASL Module "com.apple.iokit.power" claims selected messages.
	Those messages may not appear in standard system log files or in the ASL database.
May  9 05:22:38 localhost syslogd[134]: Configuration Notice:
	ASL Module "com.apple.contacts.ContactsAutocomplete" claims selected messages.
	Those messages may not appear in standard system log files or in the ASL database.
May  9 05:22:38 localhost syslogd[134]: Configuration Notice:
	ASL Module "com.apple.mkb" sharing output destination "/private/var/log/keybagd.log" with ASL Module "com.apple.mkb.internal".
	Output parameters from ASL Module "com.apple.mkb.internal" override any specified in ASL Module "com.apple.mkb".
May  9 05:22:38 localhost syslogd[134]: Configuration Notice:
	ASL Module "com.apple.mkb" claims selected messages.
	Those messages may not appear in standard system log files or in the ASL database.
May  9 05:22:38 localhost syslogd[134]: Configuration Notice:
	ASL Module "com.apple.MessageTracer" claims selected messages.
	Those messages may not appear in standard system log files or in the ASL database.
May  9 05:22:38 localhost syslogd[134]: ASL Sender Statistics
May  9 05:32:40 localhost bootlog[0]: BOOT_TIME 1778322760 0
May  9 05:33:04 localhost syslogd[134]: Configuration Notice:
	ASL Module "com.apple.cdscheduler" claims selected messages.
	Those messages may not appear in standard system log files or in the ASL database.
May  9 05:33:04 localhost syslogd[134]: Configuration Notice:
	ASL Module "com.apple.install" claims selected messages.
	Those messages may not appear in standard system log files or in the ASL database.
May  9 05:33:04 localhost syslogd[134]: Configuration Notice:
	ASL Module "com.apple.authd" sharing output destination "/var/log/asl" with ASL Module "com.apple.asl".
	Output parameters from ASL Module "com.apple.asl" override any specified in ASL Module "com.apple.authd".
May  9 05:33:04 localhost syslogd[134]: Configuration Notice:
	ASL Module "com.apple.authd" sharing output destination "/var/log/system.log" with ASL Module "com.apple.asl".
	Output parameters from ASL Module "com.apple.asl" override any specified in ASL Module "com.apple.authd".
May  9 05:33:04 localhost syslogd[134]: Configuration Notice:
	ASL Module "com.apple.authd" claims selected messages.
	Those messages may not appear in standard system log files or in the ASL database.
May  9 05:33:04 localhost syslogd[134]: Configuration Notice:
	ASL Module "com.apple.eventmonitor" claims selected messages.
	Those messages may not appear in standard system log files or in the ASL database.
May  9 05:33:04 localhost syslogd[134]: Configuration Notice:
	ASL Module "com.apple.mail" claims selected messages.
	Those messages may not appear in standard system log files or in the ASL database.
May  9 05:33:04 localhost syslogd[134]: Configuration Notice:
	ASL Module "com.apple.performance" claims selected messages.
	Those messages may not appear in standard system log files or in the ASL database.
May  9 05:33:04 localhost syslogd[134]: Configuration Notice:
	ASL Module "com.apple.iokit.power" claims selected messages.
	Those messages may not appear in standard system log files or in the ASL database.
May  9 05:33:04 localhost syslogd[134]: Configuration Notice:
	ASL Module "com.apple.contacts.ContactsAutocomplete" claims selected messages.
	Those messages may not appear in standard system log files or in the ASL database.
May  9 05:33:04 localhost syslogd[134]: Configuration Notice:
	ASL Module "com.apple.mkb" sharing output destination "/private/var/log/keybagd.log" with ASL Module "com.apple.mkb.internal".
	Output parameters from ASL Module "com.apple.mkb.internal" override any specified in ASL Module "com.apple.mkb".
May  9 05:33:04 localhost syslogd[134]: Configuration Notice:
	ASL Module "com.apple.mkb" claims selected messages.
	Those messages may not appear in standard system log files or in the ASL database.
May  9 05:33:04 localhost syslogd[134]: Configuration Notice:
	ASL Module "com.apple.MessageTracer" claims selected messages.
	Those messages may not appear in standard system log files or in the ASL database.
May  9 05:33:04 localhost syslogd[134]: ASL Sender Statistics
May  9 05:33:29 MacBook-Air loginwindow[169]: Clearing phase info
May  9 05:33:29 MacBook-Air loginwindow[169]: calling progress app remoteObjectProxy
May  9 05:33:29 MacBook-Air loginwindow[169]: Creating connection
May  9 05:33:29 MacBook-Air loginwindow[169]: Connection = 0x6000022903c0, callers = (
	    "<IASUPCaller: 0x600001188790>"
	)
May  9 05:33:29 MacBook-Air loginwindow[169]: version = 2
May  9 05:33:29 MacBook-Air loginwindow[169]: isModernOS = 1
May  9 05:33:29 MacBook-Air loginwindow[169]: Add phase named "IOKit Boot", progress 1.000000, delayInSeconds 0
May  9 05:33:29 MacBook-Air loginwindow[169]: Add phase named "loginwindow Boot", progress 99.000000, delayInSeconds -1
May  9 05:33:29 MacBook-Air loginwindow[169]: Connection = 0x6000022903c0, callers = (
	    "<IASUPCaller: 0x600001188790>",
	    "<IASUPCaller: 0x6000011987c0>"
	)
May  9 05:33:29 MacBook-Air loginwindow[169]: client 0x6000006a7640: phaseName = "loginwindow Boot", registering connection
May  9 05:33:29 MacBook-Air loginwindow[169]: client 0x6000006a7640: phaseName = "loginwindow Boot" was created
May  9 05:33:29 MacBook-Air loginwindow[169]: Connection = 0x6000022903c0, callers = (
	    "<IASUPCaller: 0x600001188790>",
	    "<IASUPCaller: 0x6000011987c0>",
	    "<IASUPCaller: 0x6000011987e0>"
	)
May  9 05:33:29 MacBook-Air loginwindow[169]: client 0x6000006a77c0: phaseName = "IOKit Boot", registering connection
May  9 05:33:29 MacBook-Air loginwindow[169]: client 0x6000006a77c0: phaseName = "IOKit Boot" was created
May  9 05:33:29 MacBook-Air loginwindow[169]: client 0x6000006a77c0: phaseName = "IOKit Boot", show progress UI called
May  9 05:33:29 MacBook-Air loginwindow[169]: ISAP: Show progress UI called
May  9 05:33:29 MacBook-Air loginwindow[169]: client 0x6000006a77c0: phaseName = "IOKit Boot" is done
May  9 05:33:29 MacBook-Air loginwindow[169]: ISAP: Done with Phase "IOKit Boot"
May  9 05:33:29 MacBook-Air loginwindow[169]: client 0x6000006a77c0: phaseName = "IOKit Boot" is being released
May  9 05:33:29 MacBook-Air loginwindow[169]: Releasing Connection
May  9 05:33:29 MacBook-Air loginwindow[169]: client 0x6000006a7640: handler = 0x600001db19e0
May  9 05:33:30 MacBook-Air loginwindow[169]: client 0x6000006a7640: phaseName = "loginwindow Boot" is done
May  9 05:33:30 MacBook-Air loginwindow[169]: ISAP: Done with Phase "loginwindow Boot"
May  9 05:33:31 MacBook-Air loginwindow[169]: Calling completion handler for 0x6000006a7640
May  9 05:33:31 MacBook-Air loginwindow[169]: client 0x6000006a7640: phaseName = "loginwindow Boot" is already done
May  9 05:33:31 MacBook-Air loginwindow[169]: client 0x6000006a7640: phaseName = "loginwindow Boot", hide progress UI called
May  9 05:33:31 MacBook-Air loginwindow[169]: ISAP: hide progress UI called
May  9 05:33:31 MacBook-Air loginwindow[169]: client 0x6000006a7640: phaseName = "loginwindow Boot" is being released
May  9 05:33:31 MacBook-Air loginwindow[169]: Releasing Connection
May  9 05:33:36 MacBook-Air loginwindow[169]: The connection was interrupted, calling interruption handlers
May  9 05:33:39 MacBook-Air loginwindow[169]: USER_PROCESS: 169 console
May  9 05:33:40 MacBook-Air AMPDeviceDiscoveryAgent[437]: tid:1403 - This is here just to make sure we empty our found devices queue
May  9 05:33:40 MacBook-Air AMPDeviceDiscoveryAgent[437]: tid:1403 - (null)
May  9 05:33:40 MacBook-Air AMPDeviceDiscoveryAgent[437]: tid:1403 - Failed to subscribe for booted OS device notifications.
May  9 05:33:40 MacBook-Air AMPDeviceDiscoveryAgent[437]: tid:103 - (null)
May  9 05:34:29 MacBook-Air loginwindow[169]: There is still an active connection
May  9 05:35:01 --- last message repeated 1 time ---
May  9 05:37:33 MacBook-Air sessionlogoutd[808]: DEAD_PROCESS: 169 console
May  9 05:37:33 MacBook-Air shutdown[809]: SHUTDOWN_TIME: 1778323053 537514
May  9 05:38:19 localhost bootlog[0]: BOOT_TIME 1778323099 0
May  9 05:38:43 localhost syslogd[134]: Configuration Notice:
	ASL Module "com.apple.cdscheduler" claims selected messages.
	Those messages may not appear in standard system log files or in the ASL database.
May  9 05:38:43 localhost syslogd[134]: Configuration Notice:
	ASL Module "com.apple.install" claims selected messages.
	Those messages may not appear in standard system log files or in the ASL database.
May  9 05:38:43 localhost syslogd[134]: Configuration Notice:
	ASL Module "com.apple.authd" sharing output destination "/var/log/asl" with ASL Module "com.apple.asl".
	Output parameters from ASL Module "com.apple.asl" override any specified in ASL Module "com.apple.authd".
May  9 05:38:43 localhost syslogd[134]: Configuration Notice:
	ASL Module "com.apple.authd" sharing output destination "/var/log/system.log" with ASL Module "com.apple.asl".
	Output parameters from ASL Module "com.apple.asl" override any specified in ASL Module "com.apple.authd".
May  9 05:38:43 localhost syslogd[134]: Configuration Notice:
	ASL Module "com.apple.authd" claims selected messages.
	Those messages may not appear in standard system log files or in the ASL database.
May  9 05:38:43 localhost syslogd[134]: Configuration Notice:
	ASL Module "com.apple.eventmonitor" claims selected messages.
	Those messages may not appear in standard system log files or in the ASL database.
May  9 05:38:43 localhost syslogd[134]: Configuration Notice:
	ASL Module "com.apple.mail" claims selected messages.
	Those messages may not appear in standard system log files or in the ASL database.
May  9 05:38:43 localhost syslogd[134]: Configuration Notice:
	ASL Module "com.apple.performance" claims selected messages.
	Those messages may not appear in standard system log files or in the ASL database.
May  9 05:38:43 localhost syslogd[134]: Configuration Notice:
	ASL Module "com.apple.iokit.power" claims selected messages.
	Those messages may not appear in standard system log files or in the ASL database.
May  9 05:38:43 localhost syslogd[134]: Configuration Notice:
	ASL Module "com.apple.contacts.ContactsAutocomplete" claims selected messages.
	Those messages may not appear in standard system log files or in the ASL database.
May  9 05:38:43 localhost syslogd[134]: Configuration Notice:
	ASL Module "com.apple.mkb" sharing output destination "/private/var/log/keybagd.log" with ASL Module "com.apple.mkb.internal".
	Output parameters from ASL Module "com.apple.mkb.internal" override any specified in ASL Module "com.apple.mkb".
May  9 05:38:43 localhost syslogd[134]: Configuration Notice:
	ASL Module "com.apple.mkb" claims selected messages.
	Those messages may not appear in standard system log files or in the ASL database.
May  9 05:38:43 localhost syslogd[134]: Configuration Notice:
	ASL Module "com.apple.MessageTracer" claims selected messages.
	Those messages may not appear in standard system log files or in the ASL database.
May  9 05:38:43 localhost syslogd[134]: ASL Sender Statistics
May  9 05:39:11 MacBook-Air loginwindow[170]: Clearing phase info
May  9 05:39:11 MacBook-Air loginwindow[170]: calling progress app remoteObjectProxy
May  9 05:39:11 MacBook-Air loginwindow[170]: Creating connection
May  9 05:39:11 MacBook-Air loginwindow[170]: Connection = 0x600000249180, callers = (
	    "<IASUPCaller: 0x6000031486f0>"
	)
May  9 05:39:11 MacBook-Air loginwindow[170]: version = 2
May  9 05:39:11 MacBook-Air loginwindow[170]: isModernOS = 1
May  9 05:39:11 MacBook-Air loginwindow[170]: Add phase named "IOKit Boot", progress 1.000000, delayInSeconds 0
May  9 05:39:11 MacBook-Air loginwindow[170]: Add phase named "loginwindow Boot", progress 99.000000, delayInSeconds -1
May  9 05:39:11 MacBook-Air loginwindow[170]: Connection = 0x600000249180, callers = (
	    "<IASUPCaller: 0x6000031486f0>",
	    "<IASUPCaller: 0x600003144680>"
	)
May  9 05:39:11 MacBook-Air loginwindow[170]: client 0x60000267df00: phaseName = "loginwindow Boot", registering connection
May  9 05:39:11 MacBook-Air loginwindow[170]: client 0x60000267df00: phaseName = "loginwindow Boot" was created
May  9 05:39:11 MacBook-Air loginwindow[170]: Connection = 0x600000249180, callers = (
	    "<IASUPCaller: 0x6000031486f0>",
	    "<IASUPCaller: 0x600003144680>",
	    "<IASUPCaller: 0x600003144610>"
	)
May  9 05:39:11 MacBook-Air loginwindow[170]: client 0x60000267e2c0: phaseName = "IOKit Boot", registering connection
May  9 05:39:11 MacBook-Air loginwindow[170]: client 0x60000267e2c0: phaseName = "IOKit Boot" was created
May  9 05:39:11 MacBook-Air loginwindow[170]: client 0x60000267e2c0: phaseName = "IOKit Boot", show progress UI called
May  9 05:39:11 MacBook-Air loginwindow[170]: ISAP: Show progress UI called
May  9 05:39:11 MacBook-Air loginwindow[170]: client 0x60000267e2c0: phaseName = "IOKit Boot" is done
May  9 05:39:11 MacBook-Air loginwindow[170]: ISAP: Done with Phase "IOKit Boot"
May  9 05:39:11 MacBook-Air loginwindow[170]: client 0x60000267e2c0: phaseName = "IOKit Boot" is being released
May  9 05:39:11 MacBook-Air loginwindow[170]: Releasing Connection
May  9 05:39:11 MacBook-Air loginwindow[170]: client 0x60000267df00: handler = 0x600003d474e0
May  9 05:39:12 MacBook-Air loginwindow[170]: client 0x60000267df00: phaseName = "loginwindow Boot" is done
May  9 05:39:12 MacBook-Air loginwindow[170]: ISAP: Done with Phase "loginwindow Boot"
May  9 05:39:13 MacBook-Air loginwindow[170]: Calling completion handler for 0x60000267df00
May  9 05:39:13 MacBook-Air loginwindow[170]: client 0x60000267df00: phaseName = "loginwindow Boot" is already done
May  9 05:39:13 MacBook-Air loginwindow[170]: client 0x60000267df00: phaseName = "loginwindow Boot", hide progress UI called
May  9 05:39:13 MacBook-Air loginwindow[170]: ISAP: hide progress UI called
May  9 05:39:13 MacBook-Air loginwindow[170]: client 0x60000267df00: phaseName = "loginwindow Boot" is being released
May  9 05:39:13 MacBook-Air loginwindow[170]: Releasing Connection
May  9 05:39:18 macbook-air loginwindow[170]: The connection was interrupted, calling interruption handlers
May  9 05:40:11 macbook-air loginwindow[170]: There is still an active connection
May  9 05:40:44 --- last message repeated 1 time ---
May  9 05:40:51 macbook-air loginwindow[170]: USER_PROCESS: 170 console
May  9 05:40:53 macbook-air AMPDeviceDiscoveryAgent[505]: tid:1503 - This is here just to make sure we empty our found devices queue
May  9 05:40:53 macbook-air AMPDeviceDiscoveryAgent[505]: tid:1503 - (null)
May  9 05:40:53 macbook-air AMPDeviceDiscoveryAgent[505]: tid:1503 - Failed to subscribe for booted OS device notifications.
May  9 05:40:53 macbook-air AMPDeviceDiscoveryAgent[505]: tid:103 - (null)
May  9 05:46:23 macbook-air sessionlogoutd[896]: DEAD_PROCESS: 170 console
May  9 05:46:23 macbook-air shutdown[898]: SHUTDOWN_TIME: 1778323583 328452
May  9 05:47:16 localhost bootlog[0]: BOOT_TIME 1778323636 0
May  9 05:47:43 localhost syslogd[134]: Configuration Notice:
	ASL Module "com.apple.cdscheduler" claims selected messages.
	Those messages may not appear in standard system log files or in the ASL database.
May  9 05:47:43 localhost syslogd[134]: Configuration Notice:
	ASL Module "com.apple.install" claims selected messages.
	Those messages may not appear in standard system log files or in the ASL database.
May  9 05:47:43 localhost syslogd[134]: Configuration Notice:
	ASL Module "com.apple.authd" sharing output destination "/var/log/asl" with ASL Module "com.apple.asl".
	Output parameters from ASL Module "com.apple.asl" override any specified in ASL Module "com.apple.authd".
May  9 05:47:43 localhost syslogd[134]: Configuration Notice:
	ASL Module "com.apple.authd" sharing output destination "/var/log/system.log" with ASL Module "com.apple.asl".
	Output parameters from ASL Module "com.apple.asl" override any specified in ASL Module "com.apple.authd".
May  9 05:47:43 localhost syslogd[134]: Configuration Notice:
	ASL Module "com.apple.authd" claims selected messages.
	Those messages may not appear in standard system log files or in the ASL database.
May  9 05:47:43 localhost syslogd[134]: Configuration Notice:
	ASL Module "com.apple.eventmonitor" claims selected messages.
	Those messages may not appear in standard system log files or in the ASL database.
May  9 05:47:43 localhost syslogd[134]: Configuration Notice:
	ASL Module "com.apple.mail" claims selected messages.
	Those messages may not appear in standard system log files or in the ASL database.
May  9 05:47:43 localhost syslogd[134]: Configuration Notice:
	ASL Module "com.apple.performance" claims selected messages.
	Those messages may not appear in standard system log files or in the ASL database.
May  9 05:47:43 localhost syslogd[134]: Configuration Notice:
	ASL Module "com.apple.iokit.power" claims selected messages.
	Those messages may not appear in standard system log files or in the ASL database.
May  9 05:47:43 localhost syslogd[134]: Configuration Notice:
	ASL Module "com.apple.contacts.ContactsAutocomplete" claims selected messages.
	Those messages may not appear in standard system log files or in the ASL database.
May  9 05:47:43 localhost syslogd[134]: Configuration Notice:
	ASL Module "com.apple.mkb" sharing output destination "/private/var/log/keybagd.log" with ASL Module "com.apple.mkb.internal".
	Output parameters from ASL Module "com.apple.mkb.internal" override any specified in ASL Module "com.apple.mkb".
May  9 05:47:43 localhost syslogd[134]: Configuration Notice:
	ASL Module "com.apple.mkb" claims selected messages.
	Those messages may not appear in standard system log files or in the ASL database.
May  9 05:47:43 localhost syslogd[134]: Configuration Notice:
	ASL Module "com.apple.MessageTracer" claims selected messages.
	Those messages may not appear in standard system log files or in the ASL database.
May  9 05:47:43 localhost syslogd[134]: ASL Sender Statistics
May  9 05:48:11 MacBook-Air loginwindow[170]: Clearing phase info
May  9 05:48:11 MacBook-Air loginwindow[170]: calling progress app remoteObjectProxy
May  9 05:48:11 MacBook-Air loginwindow[170]: Creating connection
May  9 05:48:11 MacBook-Air loginwindow[170]: Connection = 0x600001c848c0, callers = (
	    "<IASUPCaller: 0x600002f987f0>"
	)
May  9 05:48:11 MacBook-Air loginwindow[170]: version = 2
May  9 05:48:11 MacBook-Air loginwindow[170]: isModernOS = 1
May  9 05:48:11 MacBook-Air loginwindow[170]: Add phase named "IOKit Boot", progress 1.000000, delayInSeconds 0
May  9 05:48:11 MacBook-Air loginwindow[170]: Add phase named "loginwindow Boot", progress 99.000000, delayInSeconds -1
May  9 05:48:11 MacBook-Air loginwindow[170]: Connection = 0x600001c848c0, callers = (
	    "<IASUPCaller: 0x600002f987f0>",
	    "<IASUPCaller: 0x600002f80570>"
	)
May  9 05:48:11 MacBook-Air loginwindow[170]: client 0x6000038aa4c0: phaseName = "loginwindow Boot", registering connection
May  9 05:48:11 MacBook-Air loginwindow[170]: client 0x6000038aa4c0: phaseName = "loginwindow Boot" was created
May  9 05:48:11 MacBook-Air loginwindow[170]: Connection = 0x600001c848c0, callers = (
	    "<IASUPCaller: 0x600002f987f0>",
	    "<IASUPCaller: 0x600002f80570>",
	    "<IASUPCaller: 0x600002f80450>"
	)
May  9 05:48:11 MacBook-Air loginwindow[170]: client 0x600003886440: phaseName = "IOKit Boot", registering connection
May  9 05:48:11 MacBook-Air loginwindow[170]: client 0x600003886440: phaseName = "IOKit Boot" was created
May  9 05:48:11 MacBook-Air loginwindow[170]: client 0x600003886440: phaseName = "IOKit Boot", show progress UI called
May  9 05:48:11 MacBook-Air loginwindow[170]: ISAP: Show progress UI called
May  9 05:48:11 MacBook-Air loginwindow[170]: client 0x600003886440: phaseName = "IOKit Boot" is done
May  9 05:48:11 MacBook-Air loginwindow[170]: ISAP: Done with Phase "IOKit Boot"
May  9 05:48:11 MacBook-Air loginwindow[170]: client 0x600003886440: phaseName = "IOKit Boot" is being released
May  9 05:48:11 MacBook-Air loginwindow[170]: Releasing Connection
May  9 05:48:11 MacBook-Air loginwindow[170]: client 0x6000038aa4c0: handler = 0x6000023b9440
May  9 05:48:13 MacBook-Air loginwindow[170]: client 0x6000038aa4c0: phaseName = "loginwindow Boot" is done
May  9 05:48:13 MacBook-Air loginwindow[170]: ISAP: Done with Phase "loginwindow Boot"
May  9 05:48:14 MacBook-Air loginwindow[170]: Calling completion handler for 0x6000038aa4c0
May  9 05:48:14 MacBook-Air loginwindow[170]: client 0x6000038aa4c0: phaseName = "loginwindow Boot" is already done
May  9 05:48:14 MacBook-Air loginwindow[170]: client 0x6000038aa4c0: phaseName = "loginwindow Boot", hide progress UI called
May  9 05:48:14 MacBook-Air loginwindow[170]: ISAP: hide progress UI called
May  9 05:48:14 MacBook-Air loginwindow[170]: client 0x6000038aa4c0: phaseName = "loginwindow Boot" is being released
May  9 05:48:14 MacBook-Air loginwindow[170]: Releasing Connection
May  9 05:48:19 macbook-air loginwindow[170]: The connection was interrupted, calling interruption handlers
May  9 05:49:12 macbook-air loginwindow[170]: There is still an active connection
May  9 05:49:30 --- last message repeated 1 time ---
May  9 05:49:30 macbook-air loginwindow[170]: USER_PROCESS: 170 console
May  9 05:49:31 macbook-air AMPDeviceDiscoveryAgent[474]: tid:d03 - This is here just to make sure we empty our found devices queue
May  9 05:49:31 macbook-air AMPDeviceDiscoveryAgent[474]: tid:d03 - (null)
May  9 05:49:31 macbook-air AMPDeviceDiscoveryAgent[474]: tid:d03 - Failed to subscribe for booted OS device notifications.
May  9 05:49:31 macbook-air AMPDeviceDiscoveryAgent[474]: tid:103 - (null)
May  9 05:54:16 macbook-air login[801]: USER_PROCESS: 801 ttys000
May  9 05:59:57 macbook-air syslogd[134]: ASL Sender Statistics
May  9 06:14:14 macbook-air syslogd[134]: ASL Sender Statistics
May  9 06:24:50 macbook-air login[801]: DEAD_PROCESS: 801 ttys000
May  9 06:24:50 macbook-air syslogd[134]: ASL Sender Statistics
May  9 06:24:52 macbook-air sessionlogoutd[3060]: DEAD_PROCESS: 170 console
May  9 06:24:52 macbook-air shutdown[3061]: SHUTDOWN_TIME: 1778325892 177949
May  9 06:25:44 localhost bootlog[0]: BOOT_TIME 1778325944 0
May  9 06:26:13 localhost syslogd[134]: Configuration Notice:
	ASL Module "com.apple.cdscheduler" claims selected messages.
	Those messages may not appear in standard system log files or in the ASL database.
May  9 06:26:13 localhost syslogd[134]: Configuration Notice:
	ASL Module "com.apple.install" claims selected messages.
	Those messages may not appear in standard system log files or in the ASL database.
May  9 06:26:13 localhost syslogd[134]: Configuration Notice:
	ASL Module "com.apple.authd" sharing output destination "/var/log/asl" with ASL Module "com.apple.asl".
	Output parameters from ASL Module "com.apple.asl" override any specified in ASL Module "com.apple.authd".
May  9 06:26:13 localhost syslogd[134]: Configuration Notice:
	ASL Module "com.apple.authd" sharing output destination "/var/log/system.log" with ASL Module "com.apple.asl".
	Output parameters from ASL Module "com.apple.asl" override any specified in ASL Module "com.apple.authd".
May  9 06:26:13 localhost syslogd[134]: Configuration Notice:
	ASL Module "com.apple.authd" claims selected messages.
	Those messages may not appear in standard system log files or in the ASL database.
May  9 06:26:13 localhost syslogd[134]: Configuration Notice:
	ASL Module "com.apple.eventmonitor" claims selected messages.
	Those messages may not appear in standard system log files or in the ASL database.
May  9 06:26:13 localhost syslogd[134]: Configuration Notice:
	ASL Module "com.apple.mail" claims selected messages.
	Those messages may not appear in standard system log files or in the ASL database.
May  9 06:26:13 localhost syslogd[134]: Configuration Notice:
	ASL Module "com.apple.performance" claims selected messages.
	Those messages may not appear in standard system log files or in the ASL database.
May  9 06:26:13 localhost syslogd[134]: Configuration Notice:
	ASL Module "com.apple.iokit.power" claims selected messages.
	Those messages may not appear in standard system log files or in the ASL database.
May  9 06:26:13 localhost syslogd[134]: Configuration Notice:
	ASL Module "com.apple.contacts.ContactsAutocomplete" claims selected messages.
	Those messages may not appear in standard system log files or in the ASL database.
May  9 06:26:13 localhost syslogd[134]: Configuration Notice:
	ASL Module "com.apple.mkb" sharing output destination "/private/var/log/keybagd.log" with ASL Module "com.apple.mkb.internal".
	Output parameters from ASL Module "com.apple.mkb.internal" override any specified in ASL Module "com.apple.mkb".
May  9 06:26:13 localhost syslogd[134]: Configuration Notice:
	ASL Module "com.apple.mkb" claims selected messages.
	Those messages may not appear in standard system log files or in the ASL database.
May  9 06:26:13 localhost syslogd[134]: Configuration Notice:
	ASL Module "com.apple.MessageTracer" claims selected messages.
	Those messages may not appear in standard system log files or in the ASL database.
May  9 06:26:13 localhost syslogd[134]: ASL Sender Statistics
May  9 06:26:39 MacBook-Air loginwindow[170]: Clearing phase info
May  9 06:26:39 MacBook-Air loginwindow[170]: calling progress app remoteObjectProxy
May  9 06:26:39 MacBook-Air loginwindow[170]: Creating connection
May  9 06:26:39 MacBook-Air loginwindow[170]: Connection = 0x6000034bdae0, callers = (
	    "<IASUPCaller: 0x6000007b0820>"
	)
May  9 06:26:39 MacBook-Air loginwindow[170]: version = 2
May  9 06:26:39 MacBook-Air loginwindow[170]: isModernOS = 1
May  9 06:26:39 MacBook-Air loginwindow[170]: Add phase named "IOKit Boot", progress 1.000000, delayInSeconds 0
May  9 06:26:39 MacBook-Air loginwindow[170]: Add phase named "loginwindow Boot", progress 99.000000, delayInSeconds -1
May  9 06:26:39 MacBook-Air loginwindow[170]: Connection = 0x6000034bdae0, callers = (
	    "<IASUPCaller: 0x6000007b0820>",
	    "<IASUPCaller: 0x600000798130>"
	)
May  9 06:26:39 MacBook-Air loginwindow[170]: client 0x6000010a5800: phaseName = "loginwindow Boot", registering connection
May  9 06:26:39 MacBook-Air loginwindow[170]: client 0x6000010a5800: phaseName = "loginwindow Boot" was created
May  9 06:26:39 MacBook-Air loginwindow[170]: Connection = 0x6000034bdae0, callers = (
	    "<IASUPCaller: 0x6000007b0820>",
	    "<IASUPCaller: 0x600000798130>",
	    "<IASUPCaller: 0x600000798150>"
	)
May  9 06:26:39 MacBook-Air loginwindow[170]: client 0x6000010a60c0: phaseName = "IOKit Boot", registering connection
May  9 06:26:39 MacBook-Air loginwindow[170]: client 0x6000010a60c0: phaseName = "IOKit Boot" was created
May  9 06:26:39 MacBook-Air loginwindow[170]: client 0x6000010a60c0: phaseName = "IOKit Boot", show progress UI called
May  9 06:26:39 MacBook-Air loginwindow[170]: ISAP: Show progress UI called
May  9 06:26:39 MacBook-Air loginwindow[170]: client 0x6000010a60c0: phaseName = "IOKit Boot" is done
May  9 06:26:39 MacBook-Air loginwindow[170]: ISAP: Done with Phase "IOKit Boot"
May  9 06:26:39 MacBook-Air loginwindow[170]: client 0x6000010a60c0: phaseName = "IOKit Boot" is being released
May  9 06:26:39 MacBook-Air loginwindow[170]: Releasing Connection
May  9 06:26:39 MacBook-Air loginwindow[170]: client 0x6000010a5800: handler = 0x600000ba4f00
May  9 06:26:40 MacBook-Air loginwindow[170]: client 0x6000010a5800: phaseName = "loginwindow Boot" is done
May  9 06:26:40 MacBook-Air loginwindow[170]: ISAP: Done with Phase "loginwindow Boot"
May  9 06:26:41 MacBook-Air loginwindow[170]: Calling completion handler for 0x6000010a5800
May  9 06:26:41 MacBook-Air loginwindow[170]: client 0x6000010a5800: phaseName = "loginwindow Boot" is already done
May  9 06:26:41 MacBook-Air loginwindow[170]: client 0x6000010a5800: phaseName = "loginwindow Boot", hide progress UI called
May  9 06:26:41 MacBook-Air loginwindow[170]: ISAP: hide progress UI called
May  9 06:26:41 MacBook-Air loginwindow[170]: client 0x6000010a5800: phaseName = "loginwindow Boot" is being released
May  9 06:26:41 MacBook-Air loginwindow[170]: Releasing Connection
May  9 06:26:46 MacBook-Air loginwindow[170]: The connection was interrupted, calling interruption handlers
May  9 06:28:36 localhost bootlog[0]: BOOT_TIME 1778326116 0
May  9 06:29:12 localhost syslogd[134]: Configuration Notice:
	ASL Module "com.apple.cdscheduler" claims selected messages.
	Those messages may not appear in standard system log files or in the ASL database.
May  9 06:29:12 localhost syslogd[134]: Configuration Notice:
	ASL Module "com.apple.install" claims selected messages.
	Those messages may not appear in standard system log files or in the ASL database.
May  9 06:29:12 localhost syslogd[134]: Configuration Notice:
	ASL Module "com.apple.authd" sharing output destination "/var/log/asl" with ASL Module "com.apple.asl".
	Output parameters from ASL Module "com.apple.asl" override any specified in ASL Module "com.apple.authd".
May  9 06:29:12 localhost syslogd[134]: Configuration Notice:
	ASL Module "com.apple.authd" sharing output destination "/var/log/system.log" with ASL Module "com.apple.asl".
	Output parameters from ASL Module "com.apple.asl" override any specified in ASL Module "com.apple.authd".
May  9 06:29:12 localhost syslogd[134]: Configuration Notice:
	ASL Module "com.apple.authd" claims selected messages.
	Those messages may not appear in standard system log files or in the ASL database.
May  9 06:29:12 localhost syslogd[134]: Configuration Notice:
	ASL Module "com.apple.eventmonitor" claims selected messages.
	Those messages may not appear in standard system log files or in the ASL database.
May  9 06:29:12 localhost syslogd[134]: Configuration Notice:
	ASL Module "com.apple.mail" claims selected messages.
	Those messages may not appear in standard system log files or in the ASL database.
May  9 06:29:12 localhost syslogd[134]: Configuration Notice:
	ASL Module "com.apple.performance" claims selected messages.
	Those messages may not appear in standard system log files or in the ASL database.
May  9 06:29:12 localhost syslogd[134]: Configuration Notice:
	ASL Module "com.apple.iokit.power" claims selected messages.
	Those messages may not appear in standard system log files or in the ASL database.
May  9 06:29:12 localhost syslogd[134]: Configuration Notice:
	ASL Module "com.apple.contacts.ContactsAutocomplete" claims selected messages.
	Those messages may not appear in standard system log files or in the ASL database.
May  9 06:29:12 localhost syslogd[134]: Configuration Notice:
	ASL Module "com.apple.mkb" sharing output destination "/private/var/log/keybagd.log" with ASL Module "com.apple.mkb.internal".
	Output parameters from ASL Module "com.apple.mkb.internal" override any specified in ASL Module "com.apple.mkb".
May  9 06:29:12 localhost syslogd[134]: Configuration Notice:
	ASL Module "com.apple.mkb" claims selected messages.
	Those messages may not appear in standard system log files or in the ASL database.
May  9 06:29:12 localhost syslogd[134]: Configuration Notice:
	ASL Module "com.apple.MessageTracer" claims selected messages.
	Those messages may not appear in standard system log files or in the ASL database.
May  9 06:29:12 localhost syslogd[134]: ASL Sender Statistics
May  9 06:29:38 MacBook-Air loginwindow[170]: Clearing phase info
May  9 06:29:38 MacBook-Air loginwindow[170]: calling progress app remoteObjectProxy
May  9 06:29:38 MacBook-Air loginwindow[170]: Creating connection
May  9 06:29:38 MacBook-Air loginwindow[170]: Connection = 0x60000021c500, callers = (
	    "<IASUPCaller: 0x60000310c460>"
	)
May  9 06:29:38 MacBook-Air loginwindow[170]: version = 2
May  9 06:29:38 MacBook-Air loginwindow[170]: isModernOS = 1
May  9 06:29:38 MacBook-Air loginwindow[170]: Add phase named "IOKit Boot", progress 1.000000, delayInSeconds 0
May  9 06:29:38 MacBook-Air loginwindow[170]: Add phase named "loginwindow Boot", progress 99.000000, delayInSeconds -1
May  9 06:29:38 MacBook-Air loginwindow[170]: Connection = 0x60000021c500, callers = (
	    "<IASUPCaller: 0x60000310c460>",
	    "<IASUPCaller: 0x60000310c4a0>"
	)
May  9 06:29:38 MacBook-Air loginwindow[170]: client 0x600002629d00: phaseName = "loginwindow Boot", registering connection
May  9 06:29:38 MacBook-Air loginwindow[170]: client 0x600002629d00: phaseName = "loginwindow Boot" was created
May  9 06:29:38 MacBook-Air loginwindow[170]: Connection = 0x60000021c500, callers = (
	    "<IASUPCaller: 0x60000310c460>",
	    "<IASUPCaller: 0x60000310c4a0>",
	    "<IASUPCaller: 0x60000310c530>"
	)
May  9 06:29:38 MacBook-Air loginwindow[170]: client 0x600002629b40: phaseName = "IOKit Boot", registering connection
May  9 06:29:38 MacBook-Air loginwindow[170]: client 0x600002629b40: phaseName = "IOKit Boot" was created
May  9 06:29:38 MacBook-Air loginwindow[170]: client 0x600002629b40: phaseName = "IOKit Boot", show progress UI called
May  9 06:29:38 MacBook-Air loginwindow[170]: ISAP: Show progress UI called
May  9 06:29:38 MacBook-Air loginwindow[170]: client 0x600002629b40: phaseName = "IOKit Boot" is done
May  9 06:29:38 MacBook-Air loginwindow[170]: ISAP: Done with Phase "IOKit Boot"
May  9 06:29:38 MacBook-Air loginwindow[170]: client 0x600002629b40: phaseName = "IOKit Boot" is being released
May  9 06:29:38 MacBook-Air loginwindow[170]: Releasing Connection
May  9 06:29:38 MacBook-Air loginwindow[170]: client 0x600002629d00: handler = 0x600003d29a70
May  9 06:29:39 MacBook-Air loginwindow[170]: client 0x600002629d00: phaseName = "loginwindow Boot" is done
May  9 06:29:39 MacBook-Air loginwindow[170]: ISAP: Done with Phase "loginwindow Boot"
May  9 06:29:40 MacBook-Air loginwindow[170]: Calling completion handler for 0x600002629d00
May  9 06:29:40 MacBook-Air loginwindow[170]: client 0x600002629d00: phaseName = "loginwindow Boot" is already done
May  9 06:29:40 MacBook-Air loginwindow[170]: client 0x600002629d00: phaseName = "loginwindow Boot", hide progress UI called
May  9 06:29:40 MacBook-Air loginwindow[170]: ISAP: hide progress UI called
May  9 06:29:40 MacBook-Air loginwindow[170]: client 0x600002629d00: phaseName = "loginwindow Boot" is being released
May  9 06:29:40 MacBook-Air loginwindow[170]: Releasing Connection
May  9 06:29:45 MacBook-Air loginwindow[170]: The connection was interrupted, calling interruption handlers
May  9 06:30:38 MacBook-Air loginwindow[170]: There is still an active connection
May  9 06:31:10 --- last message repeated 1 time ---
May  9 06:31:48 MacBook-Air loginwindow[170]: USER_PROCESS: 170 console
May  9 06:31:50 MacBook-Air AMPDeviceDiscoveryAgent[501]: tid:1803 - This is here just to make sure we empty our found devices queue
May  9 06:31:50 MacBook-Air AMPDeviceDiscoveryAgent[501]: tid:1803 - (null)
May  9 06:31:50 MacBook-Air AMPDeviceDiscoveryAgent[501]: tid:1803 - Failed to subscribe for booted OS device notifications.
May  9 06:31:50 MacBook-Air AMPDeviceDiscoveryAgent[501]: tid:103 - (null)
May  9 06:34:13 MacBook-Air sessionlogoutd[834]: DEAD_PROCESS: 170 console
May  9 06:34:13 MacBook-Air shutdown[835]: SHUTDOWN_TIME: 1778326453 823718
May  9 06:34:59 localhost bootlog[0]: BOOT_TIME 1778326499 0
May  9 06:35:28 localhost syslogd[134]: Configuration Notice:
	ASL Module "com.apple.cdscheduler" claims selected messages.
	Those messages may not appear in standard system log files or in the ASL database.
May  9 06:35:28 localhost syslogd[134]: Configuration Notice:
	ASL Module "com.apple.install" claims selected messages.
	Those messages may not appear in standard system log files or in the ASL database.
May  9 06:35:28 localhost syslogd[134]: Configuration Notice:
	ASL Module "com.apple.authd" sharing output destination "/var/log/asl" with ASL Module "com.apple.asl".
	Output parameters from ASL Module "com.apple.asl" override any specified in ASL Module "com.apple.authd".
May  9 06:35:28 localhost syslogd[134]: Configuration Notice:
	ASL Module "com.apple.authd" sharing output destination "/var/log/system.log" with ASL Module "com.apple.asl".
	Output parameters from ASL Module "com.apple.asl" override any specified in ASL Module "com.apple.authd".
May  9 06:35:28 localhost syslogd[134]: Configuration Notice:
	ASL Module "com.apple.authd" claims selected messages.
	Those messages may not appear in standard system log files or in the ASL database.
May  9 06:35:28 localhost syslogd[134]: Configuration Notice:
	ASL Module "com.apple.eventmonitor" claims selected messages.
	Those messages may not appear in standard system log files or in the ASL database.
May  9 06:35:28 localhost syslogd[134]: Configuration Notice:
	ASL Module "com.apple.mail" claims selected messages.
	Those messages may not appear in standard system log files or in the ASL database.
May  9 06:35:28 localhost syslogd[134]: Configuration Notice:
	ASL Module "com.apple.performance" claims selected messages.
	Those messages may not appear in standard system log files or in the ASL database.
May  9 06:35:28 localhost syslogd[134]: Configuration Notice:
	ASL Module "com.apple.iokit.power" claims selected messages.
	Those messages may not appear in standard system log files or in the ASL database.
May  9 06:35:28 localhost syslogd[134]: Configuration Notice:
	ASL Module "com.apple.contacts.ContactsAutocomplete" claims selected messages.
	Those messages may not appear in standard system log files or in the ASL database.
May  9 06:35:28 localhost syslogd[134]: Configuration Notice:
	ASL Module "com.apple.mkb" sharing output destination "/private/var/log/keybagd.log" with ASL Module "com.apple.mkb.internal".
	Output parameters from ASL Module "com.apple.mkb.internal" override any specified in ASL Module "com.apple.mkb".
May  9 06:35:28 localhost syslogd[134]: Configuration Notice:
	ASL Module "com.apple.mkb" claims selected messages.
	Those messages may not appear in standard system log files or in the ASL database.
May  9 06:35:28 localhost syslogd[134]: Configuration Notice:
	ASL Module "com.apple.MessageTracer" claims selected messages.
	Those messages may not appear in standard system log files or in the ASL database.
May  9 06:35:28 localhost syslogd[134]: ASL Sender Statistics
May  9 06:35:53 MacBook-Air loginwindow[207]: Clearing phase info
May  9 06:35:53 MacBook-Air loginwindow[207]: calling progress app remoteObjectProxy
May  9 06:35:53 MacBook-Air loginwindow[207]: Creating connection
May  9 06:35:53 MacBook-Air loginwindow[207]: Connection = 0x6000039001e0, callers = (
	    "<IASUPCaller: 0x600000a00770>"
	)
May  9 06:35:53 MacBook-Air loginwindow[207]: version = 2
May  9 06:35:53 MacBook-Air loginwindow[207]: isModernOS = 1
May  9 06:35:53 MacBook-Air loginwindow[207]: Add phase named "IOKit Boot", progress 1.000000, delayInSeconds 0
May  9 06:35:53 MacBook-Air loginwindow[207]: Add phase named "loginwindow Boot", progress 99.000000, delayInSeconds -1
May  9 06:35:53 MacBook-Air loginwindow[207]: Connection = 0x6000039001e0, callers = (
	    "<IASUPCaller: 0x600000a00770>",
	    "<IASUPCaller: 0x600000a14610>"
	)
May  9 06:35:53 MacBook-Air loginwindow[207]: client 0x600001d3d500: phaseName = "loginwindow Boot", registering connection
May  9 06:35:53 MacBook-Air loginwindow[207]: client 0x600001d3d500: phaseName = "loginwindow Boot" was created
May  9 06:35:53 MacBook-Air loginwindow[207]: Connection = 0x6000039001e0, callers = (
	    "<IASUPCaller: 0x600000a00770>",
	    "<IASUPCaller: 0x600000a14610>",
	    "<IASUPCaller: 0x600000a14630>"
	)
May  9 06:35:53 MacBook-Air loginwindow[207]: client 0x600001d3d680: phaseName = "IOKit Boot", registering connection
May  9 06:35:53 MacBook-Air loginwindow[207]: client 0x600001d3d680: phaseName = "IOKit Boot" was created
May  9 06:35:53 MacBook-Air loginwindow[207]: client 0x600001d3d680: phaseName = "IOKit Boot", show progress UI called
May  9 06:35:53 MacBook-Air loginwindow[207]: ISAP: Show progress UI called
May  9 06:35:53 MacBook-Air loginwindow[207]: client 0x600001d3d680: phaseName = "IOKit Boot" is done
May  9 06:35:53 MacBook-Air loginwindow[207]: ISAP: Done with Phase "IOKit Boot"
May  9 06:35:53 MacBook-Air loginwindow[207]: client 0x600001d3d680: phaseName = "IOKit Boot" is being released
May  9 06:35:53 MacBook-Air loginwindow[207]: Releasing Connection
May  9 06:35:53 MacBook-Air loginwindow[207]: client 0x600001d3d500: handler = 0x600000622ee0
May  9 06:35:55 MacBook-Air loginwindow[207]: client 0x600001d3d500: phaseName = "loginwindow Boot" is done
May  9 06:35:55 MacBook-Air loginwindow[207]: ISAP: Done with Phase "loginwindow Boot"
May  9 06:35:55 MacBook-Air loginwindow[207]: Calling completion handler for 0x600001d3d500
May  9 06:35:55 MacBook-Air loginwindow[207]: client 0x600001d3d500: phaseName = "loginwindow Boot" is already done
May  9 06:35:55 MacBook-Air loginwindow[207]: client 0x600001d3d500: phaseName = "loginwindow Boot", hide progress UI called
May  9 06:35:55 MacBook-Air loginwindow[207]: ISAP: hide progress UI called
May  9 06:35:55 MacBook-Air loginwindow[207]: client 0x600001d3d500: phaseName = "loginwindow Boot" is being released
May  9 06:35:55 MacBook-Air loginwindow[207]: Releasing Connection
May  9 06:36:00 macbook-air loginwindow[207]: The connection was interrupted, calling interruption handlers
May  9 06:36:05 macbook-air loginwindow[207]: USER_PROCESS: 207 console
May  9 06:36:06 macbook-air AMPDeviceDiscoveryAgent[497]: tid:f03 - This is here just to make sure we empty our found devices queue
May  9 06:36:06 macbook-air AMPDeviceDiscoveryAgent[497]: tid:f03 - (null)
May  9 06:36:06 macbook-air AMPDeviceDiscoveryAgent[497]: tid:f03 - Failed to subscribe for booted OS device notifications.
May  9 06:36:06 macbook-air AMPDeviceDiscoveryAgent[497]: tid:103 - (null)
May  9 06:36:53 macbook-air loginwindow[207]: There is still an active connection
May  9 06:37:23 --- last message repeated 1 time ---
May  9 06:37:23 macbook-air sessionlogoutd[816]: DEAD_PROCESS: 207 console
May  9 06:37:23 macbook-air shutdown[818]: SHUTDOWN_TIME: 1778326643 118543
May  9 06:39:16 localhost bootlog[0]: BOOT_TIME 1778326756 0
May  9 06:39:43 localhost syslogd[134]: Configuration Notice:
	ASL Module "com.apple.cdscheduler" claims selected messages.
	Those messages may not appear in standard system log files or in the ASL database.
May  9 06:39:43 localhost syslogd[134]: Configuration Notice:
	ASL Module "com.apple.install" claims selected messages.
	Those messages may not appear in standard system log files or in the ASL database.
May  9 06:39:43 localhost syslogd[134]: Configuration Notice:
	ASL Module "com.apple.authd" sharing output destination "/var/log/asl" with ASL Module "com.apple.asl".
	Output parameters from ASL Module "com.apple.asl" override any specified in ASL Module "com.apple.authd".
May  9 06:39:43 localhost syslogd[134]: Configuration Notice:
	ASL Module "com.apple.authd" sharing output destination "/var/log/system.log" with ASL Module "com.apple.asl".
	Output parameters from ASL Module "com.apple.asl" override any specified in ASL Module "com.apple.authd".
May  9 06:39:43 localhost syslogd[134]: Configuration Notice:
	ASL Module "com.apple.authd" claims selected messages.
	Those messages may not appear in standard system log files or in the ASL database.
May  9 06:39:43 localhost syslogd[134]: Configuration Notice:
	ASL Module "com.apple.eventmonitor" claims selected messages.
	Those messages may not appear in standard system log files or in the ASL database.
May  9 06:39:43 localhost syslogd[134]: Configuration Notice:
	ASL Module "com.apple.mail" claims selected messages.
	Those messages may not appear in standard system log files or in the ASL database.
May  9 06:39:43 localhost syslogd[134]: Configuration Notice:
	ASL Module "com.apple.performance" claims selected messages.
	Those messages may not appear in standard system log files or in the ASL database.
May  9 06:39:43 localhost syslogd[134]: Configuration Notice:
	ASL Module "com.apple.iokit.power" claims selected messages.
	Those messages may not appear in standard system log files or in the ASL database.
May  9 06:39:43 localhost syslogd[134]: Configuration Notice:
	ASL Module "com.apple.contacts.ContactsAutocomplete" claims selected messages.
	Those messages may not appear in standard system log files or in the ASL database.
May  9 06:39:43 localhost syslogd[134]: Configuration Notice:
	ASL Module "com.apple.mkb" sharing output destination "/private/var/log/keybagd.log" with ASL Module "com.apple.mkb.internal".
	Output parameters from ASL Module "com.apple.mkb.internal" override any specified in ASL Module "com.apple.mkb".
May  9 06:39:43 localhost syslogd[134]: Configuration Notice:
	ASL Module "com.apple.mkb" claims selected messages.
	Those messages may not appear in standard system log files or in the ASL database.
May  9 06:39:43 localhost syslogd[134]: Configuration Notice:
	ASL Module "com.apple.MessageTracer" claims selected messages.
	Those messages may not appear in standard system log files or in the ASL database.
May  9 06:39:43 localhost syslogd[134]: ASL Sender Statistics
May  9 06:48:54 localhost bootlog[0]: BOOT_TIME 1778327334 0
May  9 06:49:31 localhost syslogd[134]: Configuration Notice:
	ASL Module "com.apple.cdscheduler" claims selected messages.
	Those messages may not appear in standard system log files or in the ASL database.
May  9 06:49:31 localhost syslogd[134]: Configuration Notice:
	ASL Module "com.apple.install" claims selected messages.
	Those messages may not appear in standard system log files or in the ASL database.
May  9 06:49:31 localhost syslogd[134]: Configuration Notice:
	ASL Module "com.apple.authd" sharing output destination "/var/log/asl" with ASL Module "com.apple.asl".
	Output parameters from ASL Module "com.apple.asl" override any specified in ASL Module "com.apple.authd".
May  9 06:49:31 localhost syslogd[134]: Configuration Notice:
	ASL Module "com.apple.authd" sharing output destination "/var/log/system.log" with ASL Module "com.apple.asl".
	Output parameters from ASL Module "com.apple.asl" override any specified in ASL Module "com.apple.authd".
May  9 06:49:31 localhost syslogd[134]: Configuration Notice:
	ASL Module "com.apple.authd" claims selected messages.
	Those messages may not appear in standard system log files or in the ASL database.
May  9 06:49:31 localhost syslogd[134]: Configuration Notice:
	ASL Module "com.apple.eventmonitor" claims selected messages.
	Those messages may not appear in standard system log files or in the ASL database.
May  9 06:49:31 localhost syslogd[134]: Configuration Notice:
	ASL Module "com.apple.mail" claims selected messages.
	Those messages may not appear in standard system log files or in the ASL database.
May  9 06:49:31 localhost syslogd[134]: Configuration Notice:
	ASL Module "com.apple.performance" claims selected messages.
	Those messages may not appear in standard system log files or in the ASL database.
May  9 06:49:31 localhost syslogd[134]: Configuration Notice:
	ASL Module "com.apple.iokit.power" claims selected messages.
	Those messages may not appear in standard system log files or in the ASL database.
May  9 06:49:31 localhost syslogd[134]: Configuration Notice:
	ASL Module "com.apple.contacts.ContactsAutocomplete" claims selected messages.
	Those messages may not appear in standard system log files or in the ASL database.
May  9 06:49:31 localhost syslogd[134]: Configuration Notice:
	ASL Module "com.apple.mkb" sharing output destination "/private/var/log/keybagd.log" with ASL Module "com.apple.mkb.internal".
	Output parameters from ASL Module "com.apple.mkb.internal" override any specified in ASL Module "com.apple.mkb".
May  9 06:49:31 localhost syslogd[134]: Configuration Notice:
	ASL Module "com.apple.mkb" claims selected messages.
	Those messages may not appear in standard system log files or in the ASL database.
May  9 06:49:31 localhost syslogd[134]: Configuration Notice:
	ASL Module "com.apple.MessageTracer" claims selected messages.
	Those messages may not appear in standard system log files or in the ASL database.
May  9 06:49:31 localhost syslogd[134]: ASL Sender Statistics
May  9 06:49:58 MacBook-Air loginwindow[169]: Clearing phase info
May  9 06:49:58 MacBook-Air loginwindow[169]: calling progress app remoteObjectProxy
May  9 06:49:58 MacBook-Air loginwindow[169]: Creating connection
May  9 06:49:58 MacBook-Air loginwindow[169]: Connection = 0x600000cb4460, callers = (
	    "<IASUPCaller: 0x600003fa89a0>"
	)
May  9 06:49:58 MacBook-Air loginwindow[169]: version = 2
May  9 06:49:58 MacBook-Air loginwindow[169]: isModernOS = 1
May  9 06:49:58 MacBook-Air loginwindow[169]: Add phase named "IOKit Boot", progress 1.000000, delayInSeconds 0
May  9 06:49:58 MacBook-Air loginwindow[169]: Add phase named "loginwindow Boot", progress 99.000000, delayInSeconds -1
May  9 06:49:58 MacBook-Air loginwindow[169]: Connection = 0x600000cb4460, callers = (
	    "<IASUPCaller: 0x600003fa89a0>",
	    "<IASUPCaller: 0x600003fa07a0>"
	)
May  9 06:49:58 MacBook-Air loginwindow[169]: client 0x6000028819c0: phaseName = "loginwindow Boot", registering connection
May  9 06:49:58 MacBook-Air loginwindow[169]: client 0x6000028819c0: phaseName = "loginwindow Boot" was created
May  9 06:49:58 MacBook-Air loginwindow[169]: Connection = 0x600000cb4460, callers = (
	    "<IASUPCaller: 0x600003fa89a0>",
	    "<IASUPCaller: 0x600003fa07a0>",
	    "<IASUPCaller: 0x600003fa07f0>"
	)
May  9 06:49:58 MacBook-Air loginwindow[169]: client 0x600002881b40: phaseName = "IOKit Boot", registering connection
May  9 06:49:58 MacBook-Air loginwindow[169]: client 0x600002881b40: phaseName = "IOKit Boot" was created
May  9 06:49:58 MacBook-Air loginwindow[169]: client 0x600002881b40: phaseName = "IOKit Boot", show progress UI called
May  9 06:49:58 MacBook-Air loginwindow[169]: ISAP: Show progress UI called
May  9 06:49:58 MacBook-Air loginwindow[169]: client 0x600002881b40: phaseName = "IOKit Boot" is done
May  9 06:49:58 MacBook-Air loginwindow[169]: ISAP: Done with Phase "IOKit Boot"
May  9 06:49:58 MacBook-Air loginwindow[169]: client 0x600002881b40: phaseName = "IOKit Boot" is being released
May  9 06:49:58 MacBook-Air loginwindow[169]: Releasing Connection
May  9 06:49:58 MacBook-Air loginwindow[169]: client 0x6000028819c0: handler = 0x6000033a3d80
May  9 06:49:59 MacBook-Air loginwindow[169]: client 0x6000028819c0: phaseName = "loginwindow Boot" is done
May  9 06:49:59 MacBook-Air loginwindow[169]: ISAP: Done with Phase "loginwindow Boot"
May  9 06:50:00 MacBook-Air loginwindow[169]: Calling completion handler for 0x6000028819c0
May  9 06:50:00 MacBook-Air loginwindow[169]: client 0x6000028819c0: phaseName = "loginwindow Boot" is already done
May  9 06:50:00 MacBook-Air loginwindow[169]: client 0x6000028819c0: phaseName = "loginwindow Boot", hide progress UI called
May  9 06:50:00 MacBook-Air loginwindow[169]: ISAP: hide progress UI called
May  9 06:50:00 MacBook-Air loginwindow[169]: client 0x6000028819c0: phaseName = "loginwindow Boot" is being released
May  9 06:50:00 MacBook-Air loginwindow[169]: Releasing Connection
May  9 06:50:06 macbook-air loginwindow[169]: The connection was interrupted, calling interruption handlers
May  9 06:50:07 macbook-air loginwindow[169]: USER_PROCESS: 169 console
May  9 06:50:09 macbook-air AMPDeviceDiscoveryAgent[440]: tid:1803 - This is here just to make sure we empty our found devices queue
May  9 06:50:09 macbook-air AMPDeviceDiscoveryAgent[440]: tid:1803 - (null)
May  9 06:50:09 macbook-air AMPDeviceDiscoveryAgent[440]: tid:1803 - Failed to subscribe for booted OS device notifications.
May  9 06:50:09 macbook-air AMPDeviceDiscoveryAgent[440]: tid:103 - (null)
May  9 06:50:59 macbook-air loginwindow[169]: There is still an active connection
May  9 06:51:31 --- last message repeated 1 time ---
May  9 07:00:10 macbook-air syslogd[134]: ASL Sender Statistics
May  9 07:12:14 macbook-air login[1070]: USER_PROCESS: 1070 ttys000
May  9 07:12:14 macbook-air syslogd[134]: ASL Sender Statistics
May  9 07:23:14 macbook-air login[1070]: DEAD_PROCESS: 1070 ttys000
May  9 07:23:14 macbook-air syslogd[134]: ASL Sender Statistics
May  9 07:23:15 macbook-air sessionlogoutd[1272]: DEAD_PROCESS: 169 console
May  9 07:23:15 macbook-air shutdown[1274]: SHUTDOWN_TIME: 1778329395 558608
May  9 07:24:09 localhost bootlog[0]: BOOT_TIME 1778329449 0
May  9 07:24:37 localhost syslogd[134]: Configuration Notice:
	ASL Module "com.apple.cdscheduler" claims selected messages.
	Those messages may not appear in standard system log files or in the ASL database.
May  9 07:24:37 localhost syslogd[134]: Configuration Notice:
	ASL Module "com.apple.install" claims selected messages.
	Those messages may not appear in standard system log files or in the ASL database.
May  9 07:24:37 localhost syslogd[134]: Configuration Notice:
	ASL Module "com.apple.authd" sharing output destination "/var/log/asl" with ASL Module "com.apple.asl".
	Output parameters from ASL Module "com.apple.asl" override any specified in ASL Module "com.apple.authd".
May  9 07:24:37 localhost syslogd[134]: Configuration Notice:
	ASL Module "com.apple.authd" sharing output destination "/var/log/system.log" with ASL Module "com.apple.asl".
	Output parameters from ASL Module "com.apple.asl" override any specified in ASL Module "com.apple.authd".
May  9 07:24:37 localhost syslogd[134]: Configuration Notice:
	ASL Module "com.apple.authd" claims selected messages.
	Those messages may not appear in standard system log files or in the ASL database.
May  9 07:24:37 localhost syslogd[134]: Configuration Notice:
	ASL Module "com.apple.eventmonitor" claims selected messages.
	Those messages may not appear in standard system log files or in the ASL database.
May  9 07:24:37 localhost syslogd[134]: Configuration Notice:
	ASL Module "com.apple.mail" claims selected messages.
	Those messages may not appear in standard system log files or in the ASL database.
May  9 07:24:37 localhost syslogd[134]: Configuration Notice:
	ASL Module "com.apple.performance" claims selected messages.
	Those messages may not appear in standard system log files or in the ASL database.
May  9 07:24:37 localhost syslogd[134]: Configuration Notice:
	ASL Module "com.apple.iokit.power" claims selected messages.
	Those messages may not appear in standard system log files or in the ASL database.
May  9 07:24:37 localhost syslogd[134]: Configuration Notice:
	ASL Module "com.apple.contacts.ContactsAutocomplete" claims selected messages.
	Those messages may not appear in standard system log files or in the ASL database.
May  9 07:24:37 localhost syslogd[134]: Configuration Notice:
	ASL Module "com.apple.mkb" sharing output destination "/private/var/log/keybagd.log" with ASL Module "com.apple.mkb.internal".
	Output parameters from ASL Module "com.apple.mkb.internal" override any specified in ASL Module "com.apple.mkb".
May  9 07:24:37 localhost syslogd[134]: Configuration Notice:
	ASL Module "com.apple.mkb" claims selected messages.
	Those messages may not appear in standard system log files or in the ASL database.
May  9 07:24:37 localhost syslogd[134]: Configuration Notice:
	ASL Module "com.apple.MessageTracer" claims selected messages.
	Those messages may not appear in standard system log files or in the ASL database.
May  9 07:24:37 localhost syslogd[134]: ASL Sender Statistics
May  9 07:29:03 localhost bootlog[0]: BOOT_TIME 1778329743 0
May  9 07:29:24 localhost syslogd[134]: Configuration Notice:
	ASL Module "com.apple.cdscheduler" claims selected messages.
	Those messages may not appear in standard system log files or in the ASL database.
May  9 07:29:24 localhost syslogd[134]: Configuration Notice:
	ASL Module "com.apple.install" claims selected messages.
	Those messages may not appear in standard system log files or in the ASL database.
May  9 07:29:24 localhost syslogd[134]: Configuration Notice:
	ASL Module "com.apple.authd" sharing output destination "/var/log/asl" with ASL Module "com.apple.asl".
	Output parameters from ASL Module "com.apple.asl" override any specified in ASL Module "com.apple.authd".
May  9 07:29:24 localhost syslogd[134]: Configuration Notice:
	ASL Module "com.apple.authd" sharing output destination "/var/log/system.log" with ASL Module "com.apple.asl".
	Output parameters from ASL Module "com.apple.asl" override any specified in ASL Module "com.apple.authd".
May  9 07:29:24 localhost syslogd[134]: Configuration Notice:
	ASL Module "com.apple.authd" claims selected messages.
	Those messages may not appear in standard system log files or in the ASL database.
May  9 07:29:24 localhost syslogd[134]: Configuration Notice:
	ASL Module "com.apple.eventmonitor" claims selected messages.
	Those messages may not appear in standard system log files or in the ASL database.
May  9 07:29:24 localhost syslogd[134]: Configuration Notice:
	ASL Module "com.apple.mail" claims selected messages.
	Those messages may not appear in standard system log files or in the ASL database.
May  9 07:29:24 localhost syslogd[134]: Configuration Notice:
	ASL Module "com.apple.performance" claims selected messages.
	Those messages may not appear in standard system log files or in the ASL database.
May  9 07:29:24 localhost syslogd[134]: Configuration Notice:
	ASL Module "com.apple.iokit.power" claims selected messages.
	Those messages may not appear in standard system log files or in the ASL database.
May  9 07:29:24 localhost syslogd[134]: Configuration Notice:
	ASL Module "com.apple.contacts.ContactsAutocomplete" claims selected messages.
	Those messages may not appear in standard system log files or in the ASL database.
May  9 07:29:24 localhost syslogd[134]: Configuration Notice:
	ASL Module "com.apple.mkb" sharing output destination "/private/var/log/keybagd.log" with ASL Module "com.apple.mkb.internal".
	Output parameters from ASL Module "com.apple.mkb.internal" override any specified in ASL Module "com.apple.mkb".
May  9 07:29:24 localhost syslogd[134]: Configuration Notice:
	ASL Module "com.apple.mkb" claims selected messages.
	Those messages may not appear in standard system log files or in the ASL database.
May  9 07:29:24 localhost syslogd[134]: Configuration Notice:
	ASL Module "com.apple.MessageTracer" claims selected messages.
	Those messages may not appear in standard system log files or in the ASL database.
May  9 07:29:24 localhost syslogd[134]: ASL Sender Statistics
May  9 07:29:51 MacBook-Air loginwindow[169]: Clearing phase info
May  9 07:29:51 MacBook-Air loginwindow[169]: calling progress app remoteObjectProxy
May  9 07:29:51 MacBook-Air loginwindow[169]: Creating connection
May  9 07:29:51 MacBook-Air loginwindow[169]: Connection = 0x60000378c500, callers = (
	    "<IASUPCaller: 0x6000004807e0>"
	)
May  9 07:29:51 MacBook-Air loginwindow[169]: version = 2
May  9 07:29:51 MacBook-Air loginwindow[169]: isModernOS = 1
May  9 07:29:51 MacBook-Air loginwindow[169]: Add phase named "IOKit Boot", progress 1.000000, delayInSeconds 0
May  9 07:29:51 MacBook-Air loginwindow[169]: Add phase named "loginwindow Boot", progress 99.000000, delayInSeconds -1
May  9 07:29:51 MacBook-Air loginwindow[169]: Connection = 0x60000378c500, callers = (
	    "<IASUPCaller: 0x6000004807e0>",
	    "<IASUPCaller: 0x6000004807d0>"
	)
May  9 07:29:51 MacBook-Air loginwindow[169]: client 0x600001398a40: phaseName = "loginwindow Boot", registering connection
May  9 07:29:51 MacBook-Air loginwindow[169]: client 0x600001398a40: phaseName = "loginwindow Boot" was created
May  9 07:29:51 MacBook-Air loginwindow[169]: Connection = 0x60000378c500, callers = (
	    "<IASUPCaller: 0x6000004807e0>",
	    "<IASUPCaller: 0x6000004807d0>",
	    "<IASUPCaller: 0x6000004807c0>"
	)
May  9 07:29:51 MacBook-Air loginwindow[169]: client 0x600001398440: phaseName = "IOKit Boot", registering connection
May  9 07:29:51 MacBook-Air loginwindow[169]: client 0x600001398440: phaseName = "IOKit Boot" was created
May  9 07:29:51 MacBook-Air loginwindow[169]: client 0x600001398440: phaseName = "IOKit Boot", show progress UI called
May  9 07:29:51 MacBook-Air loginwindow[169]: ISAP: Show progress UI called
May  9 07:29:51 MacBook-Air loginwindow[169]: client 0x600001398440: phaseName = "IOKit Boot" is done
May  9 07:29:51 MacBook-Air loginwindow[169]: ISAP: Done with Phase "IOKit Boot"
May  9 07:29:51 MacBook-Air loginwindow[169]: client 0x600001398440: phaseName = "IOKit Boot" is being released
May  9 07:29:51 MacBook-Air loginwindow[169]: Releasing Connection
May  9 07:29:51 MacBook-Air loginwindow[169]: client 0x600001398a40: handler = 0x6000008b0150
May  9 07:29:52 MacBook-Air loginwindow[169]: client 0x600001398a40: phaseName = "loginwindow Boot" is done
May  9 07:29:52 MacBook-Air loginwindow[169]: ISAP: Done with Phase "loginwindow Boot"
May  9 07:29:53 MacBook-Air loginwindow[169]: Calling completion handler for 0x600001398a40
May  9 07:29:53 MacBook-Air loginwindow[169]: client 0x600001398a40: phaseName = "loginwindow Boot" is already done
May  9 07:29:53 MacBook-Air loginwindow[169]: client 0x600001398a40: phaseName = "loginwindow Boot", hide progress UI called
May  9 07:29:53 MacBook-Air loginwindow[169]: ISAP: hide progress UI called
May  9 07:29:53 MacBook-Air loginwindow[169]: client 0x600001398a40: phaseName = "loginwindow Boot" is being released
May  9 07:29:53 MacBook-Air loginwindow[169]: Releasing Connection
May  9 07:29:58 macbook-air loginwindow[169]: The connection was interrupted, calling interruption handlers
May  9 07:30:51 macbook-air loginwindow[169]: There is still an active connection
May  9 07:31:23 --- last message repeated 1 time ---
May  9 07:39:36 macbook-air syslogd[134]: ASL Sender Statistics
May  9 07:42:23 macbook-air loginwindow[169]: USER_PROCESS: 169 console
May  9 07:42:24 macbook-air AMPDeviceDiscoveryAgent[471]: tid:1c03 - This is here just to make sure we empty our found devices queue
May  9 07:42:24 macbook-air AMPDeviceDiscoveryAgent[471]: tid:1c03 - (null)
May  9 07:42:24 macbook-air AMPDeviceDiscoveryAgent[471]: tid:1c03 - Failed to subscribe for booted OS device notifications.
May  9 07:42:24 macbook-air AMPDeviceDiscoveryAgent[471]: tid:103 - (null)
May  9 07:42:37 macbook-air sessionlogoutd[639]: DEAD_PROCESS: 169 console
May  9 07:42:37 macbook-air shutdown[641]: SHUTDOWN_TIME: 1778330557 328790
May  9 07:43:20 localhost bootlog[0]: BOOT_TIME 1778330600 0
May  9 07:43:47 localhost syslogd[134]: Configuration Notice:
	ASL Module "com.apple.cdscheduler" claims selected messages.
	Those messages may not appear in standard system log files or in the ASL database.
May  9 07:43:47 localhost syslogd[134]: Configuration Notice:
	ASL Module "com.apple.install" claims selected messages.
	Those messages may not appear in standard system log files or in the ASL database.
May  9 07:43:47 localhost syslogd[134]: Configuration Notice:
	ASL Module "com.apple.authd" sharing output destination "/var/log/asl" with ASL Module "com.apple.asl".
	Output parameters from ASL Module "com.apple.asl" override any specified in ASL Module "com.apple.authd".
May  9 07:43:47 localhost syslogd[134]: Configuration Notice:
	ASL Module "com.apple.authd" sharing output destination "/var/log/system.log" with ASL Module "com.apple.asl".
	Output parameters from ASL Module "com.apple.asl" override any specified in ASL Module "com.apple.authd".
May  9 07:43:47 localhost syslogd[134]: Configuration Notice:
	ASL Module "com.apple.authd" claims selected messages.
	Those messages may not appear in standard system log files or in the ASL database.
May  9 07:43:47 localhost syslogd[134]: Configuration Notice:
	ASL Module "com.apple.eventmonitor" claims selected messages.
	Those messages may not appear in standard system log files or in the ASL database.
May  9 07:43:47 localhost syslogd[134]: Configuration Notice:
	ASL Module "com.apple.mail" claims selected messages.
	Those messages may not appear in standard system log files or in the ASL database.
May  9 07:43:47 localhost syslogd[134]: Configuration Notice:
	ASL Module "com.apple.performance" claims selected messages.
	Those messages may not appear in standard system log files or in the ASL database.
May  9 07:43:47 localhost syslogd[134]: Configuration Notice:
	ASL Module "com.apple.iokit.power" claims selected messages.
	Those messages may not appear in standard system log files or in the ASL database.
May  9 07:43:47 localhost syslogd[134]: Configuration Notice:
	ASL Module "com.apple.contacts.ContactsAutocomplete" claims selected messages.
	Those messages may not appear in standard system log files or in the ASL database.
May  9 07:43:47 localhost syslogd[134]: Configuration Notice:
	ASL Module "com.apple.mkb" sharing output destination "/private/var/log/keybagd.log" with ASL Module "com.apple.mkb.internal".
	Output parameters from ASL Module "com.apple.mkb.internal" override any specified in ASL Module "com.apple.mkb".
May  9 07:43:47 localhost syslogd[134]: Configuration Notice:
	ASL Module "com.apple.mkb" claims selected messages.
	Those messages may not appear in standard system log files or in the ASL database.
May  9 07:43:47 localhost syslogd[134]: Configuration Notice:
	ASL Module "com.apple.MessageTracer" claims selected messages.
	Those messages may not appear in standard system log files or in the ASL database.
May  9 07:43:47 localhost syslogd[134]: ASL Sender Statistics
May  9 07:44:13 MacBook-Air loginwindow[170]: Clearing phase info
May  9 07:44:13 MacBook-Air loginwindow[170]: calling progress app remoteObjectProxy
May  9 07:44:13 MacBook-Air loginwindow[170]: Creating connection
May  9 07:44:13 MacBook-Air loginwindow[170]: Connection = 0x600003734460, callers = (
	    "<IASUPCaller: 0x600000424a20>"
	)
May  9 07:44:13 MacBook-Air loginwindow[170]: version = 2
May  9 07:44:13 MacBook-Air loginwindow[170]: isModernOS = 1
May  9 07:44:13 MacBook-Air loginwindow[170]: Add phase named "IOKit Boot", progress 1.000000, delayInSeconds 0
May  9 07:44:13 MacBook-Air loginwindow[170]: Add phase named "loginwindow Boot", progress 99.000000, delayInSeconds -1
May  9 07:44:13 MacBook-Air loginwindow[170]: Connection = 0x600003734460, callers = (
	    "<IASUPCaller: 0x600000424a20>",
	    "<IASUPCaller: 0x600000425370>"
	)
May  9 07:44:13 MacBook-Air loginwindow[170]: client 0x600001312e40: phaseName = "loginwindow Boot", registering connection
May  9 07:44:13 MacBook-Air loginwindow[170]: client 0x600001312e40: phaseName = "loginwindow Boot" was created
May  9 07:44:13 MacBook-Air loginwindow[170]: Connection = 0x600003734460, callers = (
	    "<IASUPCaller: 0x600000424a20>",
	    "<IASUPCaller: 0x600000425370>",
	    "<IASUPCaller: 0x600000428440>"
	)
May  9 07:44:13 MacBook-Air loginwindow[170]: client 0x60000130ec00: phaseName = "IOKit Boot", registering connection
May  9 07:44:13 MacBook-Air loginwindow[170]: client 0x60000130ec00: phaseName = "IOKit Boot" was created
May  9 07:44:13 MacBook-Air loginwindow[170]: client 0x60000130ec00: phaseName = "IOKit Boot", show progress UI called
May  9 07:44:13 MacBook-Air loginwindow[170]: ISAP: Show progress UI called
May  9 07:44:13 MacBook-Air loginwindow[170]: client 0x60000130ec00: phaseName = "IOKit Boot" is done
May  9 07:44:13 MacBook-Air loginwindow[170]: ISAP: Done with Phase "IOKit Boot"
May  9 07:44:13 MacBook-Air loginwindow[170]: client 0x60000130ec00: phaseName = "IOKit Boot" is being released
May  9 07:44:13 MacBook-Air loginwindow[170]: Releasing Connection
May  9 07:44:13 MacBook-Air loginwindow[170]: client 0x600001312e40: handler = 0x600000831200
May  9 07:44:15 MacBook-Air loginwindow[170]: client 0x600001312e40: phaseName = "loginwindow Boot" is done
May  9 07:44:15 MacBook-Air loginwindow[170]: ISAP: Done with Phase "loginwindow Boot"
May  9 07:44:15 MacBook-Air loginwindow[170]: Calling completion handler for 0x600001312e40
May  9 07:44:15 MacBook-Air loginwindow[170]: client 0x600001312e40: phaseName = "loginwindow Boot" is already done
May  9 07:44:15 MacBook-Air loginwindow[170]: client 0x600001312e40: phaseName = "loginwindow Boot", hide progress UI called
May  9 07:44:15 MacBook-Air loginwindow[170]: ISAP: hide progress UI called
May  9 07:44:15 MacBook-Air loginwindow[170]: client 0x600001312e40: phaseName = "loginwindow Boot" is being released
May  9 07:44:15 MacBook-Air loginwindow[170]: Releasing Connection
May  9 07:44:20 MacBook-Air loginwindow[170]: The connection was interrupted, calling interruption handlers
May  9 07:45:13 macbook-air loginwindow[170]: USER_PROCESS: 170 console
May  9 07:45:14 macbook-air AMPDeviceDiscoveryAgent[485]: tid:1a03 - This is here just to make sure we empty our found devices queue
May  9 07:45:14 macbook-air AMPDeviceDiscoveryAgent[485]: tid:1a03 - (null)
May  9 07:45:14 macbook-air AMPDeviceDiscoveryAgent[485]: tid:1a03 - Failed to subscribe for booted OS device notifications.
May  9 07:45:14 macbook-air AMPDeviceDiscoveryAgent[485]: tid:103 - (null)
May  9 07:45:14 macbook-air loginwindow[170]: There is still an active connection
May  9 07:45:46 --- last message repeated 1 time ---
May  9 07:46:50 macbook-air login[741]: USER_PROCESS: 741 ttys000
May  9 08:00:16 macbook-air syslogd[134]: ASL Sender Statistics
May  9 08:11:10 macbook-air syslogd[134]: ASL Sender Statistics
May  9 08:13:27 macbook-air login[741]: DEAD_PROCESS: 741 ttys000
May  9 08:13:28 macbook-air sessionlogoutd[1075]: DEAD_PROCESS: 170 console
May  9 08:13:28 macbook-air shutdown[1079]: SHUTDOWN_TIME: 1778332408 349269
May  9 08:14:19 localhost bootlog[0]: BOOT_TIME 1778332459 0
May  9 08:14:47 localhost syslogd[134]: Configuration Notice:
	ASL Module "com.apple.cdscheduler" claims selected messages.
	Those messages may not appear in standard system log files or in the ASL database.
May  9 08:14:47 localhost syslogd[134]: Configuration Notice:
	ASL Module "com.apple.install" claims selected messages.
	Those messages may not appear in standard system log files or in the ASL database.
May  9 08:14:47 localhost syslogd[134]: Configuration Notice:
	ASL Module "com.apple.authd" sharing output destination "/var/log/asl" with ASL Module "com.apple.asl".
	Output parameters from ASL Module "com.apple.asl" override any specified in ASL Module "com.apple.authd".
May  9 08:14:47 localhost syslogd[134]: Configuration Notice:
	ASL Module "com.apple.authd" sharing output destination "/var/log/system.log" with ASL Module "com.apple.asl".
	Output parameters from ASL Module "com.apple.asl" override any specified in ASL Module "com.apple.authd".
May  9 08:14:47 localhost syslogd[134]: Configuration Notice:
	ASL Module "com.apple.authd" claims selected messages.
	Those messages may not appear in standard system log files or in the ASL database.
May  9 08:14:47 localhost syslogd[134]: Configuration Notice:
	ASL Module "com.apple.eventmonitor" claims selected messages.
	Those messages may not appear in standard system log files or in the ASL database.
May  9 08:14:47 localhost syslogd[134]: Configuration Notice:
	ASL Module "com.apple.mail" claims selected messages.
	Those messages may not appear in standard system log files or in the ASL database.
May  9 08:14:47 localhost syslogd[134]: Configuration Notice:
	ASL Module "com.apple.performance" claims selected messages.
	Those messages may not appear in standard system log files or in the ASL database.
May  9 08:14:47 localhost syslogd[134]: Configuration Notice:
	ASL Module "com.apple.iokit.power" claims selected messages.
	Those messages may not appear in standard system log files or in the ASL database.
May  9 08:14:47 localhost syslogd[134]: Configuration Notice:
	ASL Module "com.apple.contacts.ContactsAutocomplete" claims selected messages.
	Those messages may not appear in standard system log files or in the ASL database.
May  9 08:14:47 localhost syslogd[134]: Configuration Notice:
	ASL Module "com.apple.mkb" sharing output destination "/private/var/log/keybagd.log" with ASL Module "com.apple.mkb.internal".
	Output parameters from ASL Module "com.apple.mkb.internal" override any specified in ASL Module "com.apple.mkb".
May  9 08:14:47 localhost syslogd[134]: Configuration Notice:
	ASL Module "com.apple.mkb" claims selected messages.
	Those messages may not appear in standard system log files or in the ASL database.
May  9 08:14:47 localhost syslogd[134]: Configuration Notice:
	ASL Module "com.apple.MessageTracer" claims selected messages.
	Those messages may not appear in standard system log files or in the ASL database.
May  9 08:14:47 localhost syslogd[134]: ASL Sender Statistics
May  9 08:23:01 localhost bootlog[0]: BOOT_TIME 1778332981 0
May  9 08:23:27 localhost syslogd[134]: Configuration Notice:
	ASL Module "com.apple.cdscheduler" claims selected messages.
	Those messages may not appear in standard system log files or in the ASL database.
May  9 08:23:27 localhost syslogd[134]: Configuration Notice:
	ASL Module "com.apple.install" claims selected messages.
	Those messages may not appear in standard system log files or in the ASL database.
May  9 08:23:27 localhost syslogd[134]: Configuration Notice:
	ASL Module "com.apple.authd" sharing output destination "/var/log/asl" with ASL Module "com.apple.asl".
	Output parameters from ASL Module "com.apple.asl" override any specified in ASL Module "com.apple.authd".
May  9 08:23:27 localhost syslogd[134]: Configuration Notice:
	ASL Module "com.apple.authd" sharing output destination "/var/log/system.log" with ASL Module "com.apple.asl".
	Output parameters from ASL Module "com.apple.asl" override any specified in ASL Module "com.apple.authd".
May  9 08:23:27 localhost syslogd[134]: Configuration Notice:
	ASL Module "com.apple.authd" claims selected messages.
	Those messages may not appear in standard system log files or in the ASL database.
May  9 08:23:27 localhost syslogd[134]: Configuration Notice:
	ASL Module "com.apple.eventmonitor" claims selected messages.
	Those messages may not appear in standard system log files or in the ASL database.
May  9 08:23:27 localhost syslogd[134]: Configuration Notice:
	ASL Module "com.apple.mail" claims selected messages.
	Those messages may not appear in standard system log files or in the ASL database.
May  9 08:23:27 localhost syslogd[134]: Configuration Notice:
	ASL Module "com.apple.performance" claims selected messages.
	Those messages may not appear in standard system log files or in the ASL database.
May  9 08:23:27 localhost syslogd[134]: Configuration Notice:
	ASL Module "com.apple.iokit.power" claims selected messages.
	Those messages may not appear in standard system log files or in the ASL database.
May  9 08:23:27 localhost syslogd[134]: Configuration Notice:
	ASL Module "com.apple.contacts.ContactsAutocomplete" claims selected messages.
	Those messages may not appear in standard system log files or in the ASL database.
May  9 08:23:27 localhost syslogd[134]: Configuration Notice:
	ASL Module "com.apple.mkb" sharing output destination "/private/var/log/keybagd.log" with ASL Module "com.apple.mkb.internal".
	Output parameters from ASL Module "com.apple.mkb.internal" override any specified in ASL Module "com.apple.mkb".
May  9 08:23:27 localhost syslogd[134]: Configuration Notice:
	ASL Module "com.apple.mkb" claims selected messages.
	Those messages may not appear in standard system log files or in the ASL database.
May  9 08:23:27 localhost syslogd[134]: Configuration Notice:
	ASL Module "com.apple.MessageTracer" claims selected messages.
	Those messages may not appear in standard system log files or in the ASL database.
May  9 08:23:27 localhost syslogd[134]: ASL Sender Statistics
May  9 08:23:55 MacBook-Air loginwindow[169]: Clearing phase info
May  9 08:23:55 MacBook-Air loginwindow[169]: calling progress app remoteObjectProxy
May  9 08:23:55 MacBook-Air loginwindow[169]: Creating connection
May  9 08:23:55 MacBook-Air loginwindow[169]: Connection = 0x600001255860, callers = (
	    "<IASUPCaller: 0x600002140600>"
	)
May  9 08:23:55 MacBook-Air loginwindow[169]: version = 2
May  9 08:23:55 MacBook-Air loginwindow[169]: isModernOS = 1
May  9 08:23:55 MacBook-Air loginwindow[169]: Add phase named "IOKit Boot", progress 1.000000, delayInSeconds 0
May  9 08:23:55 MacBook-Air loginwindow[169]: Add phase named "loginwindow Boot", progress 99.000000, delayInSeconds -1
May  9 08:23:55 MacBook-Air loginwindow[169]: Connection = 0x600001255860, callers = (
	    "<IASUPCaller: 0x600002140600>",
	    "<IASUPCaller: 0x600002170480>"
	)
May  9 08:23:55 MacBook-Air loginwindow[169]: client 0x600003661380: phaseName = "loginwindow Boot", registering connection
May  9 08:23:55 MacBook-Air loginwindow[169]: client 0x600003661380: phaseName = "loginwindow Boot" was created
May  9 08:23:55 MacBook-Air loginwindow[169]: Connection = 0x600001255860, callers = (
	    "<IASUPCaller: 0x600002140600>",
	    "<IASUPCaller: 0x600002170480>",
	    "<IASUPCaller: 0x6000021704a0>"
	)
May  9 08:23:55 MacBook-Air loginwindow[169]: client 0x600003661500: phaseName = "IOKit Boot", registering connection
May  9 08:23:55 MacBook-Air loginwindow[169]: client 0x600003661500: phaseName = "IOKit Boot" was created
May  9 08:23:55 MacBook-Air loginwindow[169]: client 0x600003661500: phaseName = "IOKit Boot", show progress UI called
May  9 08:23:55 MacBook-Air loginwindow[169]: ISAP: Show progress UI called
May  9 08:23:55 MacBook-Air loginwindow[169]: client 0x600003661500: phaseName = "IOKit Boot" is done
May  9 08:23:55 MacBook-Air loginwindow[169]: ISAP: Done with Phase "IOKit Boot"
May  9 08:23:55 MacBook-Air loginwindow[169]: client 0x600003661500: phaseName = "IOKit Boot" is being released
May  9 08:23:55 MacBook-Air loginwindow[169]: Releasing Connection
May  9 08:23:55 MacBook-Air loginwindow[169]: client 0x600003661380: handler = 0x600002d45c20
May  9 08:23:56 MacBook-Air loginwindow[169]: client 0x600003661380: phaseName = "loginwindow Boot" is done
May  9 08:23:56 MacBook-Air loginwindow[169]: ISAP: Done with Phase "loginwindow Boot"
May  9 08:23:57 MacBook-Air loginwindow[169]: Calling completion handler for 0x600003661380
May  9 08:23:57 MacBook-Air loginwindow[169]: client 0x600003661380: phaseName = "loginwindow Boot" is already done
May  9 08:23:57 MacBook-Air loginwindow[169]: client 0x600003661380: phaseName = "loginwindow Boot", hide progress UI called
May  9 08:23:57 MacBook-Air loginwindow[169]: ISAP: hide progress UI called
May  9 08:23:57 MacBook-Air loginwindow[169]: client 0x600003661380: phaseName = "loginwindow Boot" is being released
May  9 08:23:57 MacBook-Air loginwindow[169]: Releasing Connection
May  9 08:24:02 macbook-air loginwindow[169]: The connection was interrupted, calling interruption handlers
May  9 08:24:23 macbook-air loginwindow[169]: USER_PROCESS: 169 console
May  9 08:24:24 macbook-air AMPDeviceDiscoveryAgent[429]: tid:1103 - This is here just to make sure we empty our found devices queue
May  9 08:24:24 macbook-air AMPDeviceDiscoveryAgent[429]: tid:1103 - (null)
May  9 08:24:24 macbook-air AMPDeviceDiscoveryAgent[429]: tid:1103 - Failed to subscribe for booted OS device notifications.
May  9 08:24:24 macbook-air AMPDeviceDiscoveryAgent[429]: tid:103 - (null)
May  9 08:24:49 macbook-air login[638]: USER_PROCESS: 638 ttys000
May  9 08:24:55 macbook-air loginwindow[169]: There is still an active connection
May  9 08:25:27 --- last message repeated 1 time ---
May  9 08:30:01 macbook-air login[638]: DEAD_PROCESS: 638 ttys000
May  9 08:30:02 macbook-air sessionlogoutd[878]: DEAD_PROCESS: 169 console
May  9 08:30:02 macbook-air shutdown[883]: SHUTDOWN_TIME: 1778333402 323614
May  9 08:30:53 localhost bootlog[0]: BOOT_TIME 1778333453 0
May  9 08:31:20 localhost syslogd[134]: Configuration Notice:
	ASL Module "com.apple.cdscheduler" claims selected messages.
	Those messages may not appear in standard system log files or in the ASL database.
May  9 08:31:20 localhost syslogd[134]: Configuration Notice:
	ASL Module "com.apple.install" claims selected messages.
	Those messages may not appear in standard system log files or in the ASL database.
May  9 08:31:20 localhost syslogd[134]: Configuration Notice:
	ASL Module "com.apple.authd" sharing output destination "/var/log/asl" with ASL Module "com.apple.asl".
	Output parameters from ASL Module "com.apple.asl" override any specified in ASL Module "com.apple.authd".
May  9 08:31:20 localhost syslogd[134]: Configuration Notice:
	ASL Module "com.apple.authd" sharing output destination "/var/log/system.log" with ASL Module "com.apple.asl".
	Output parameters from ASL Module "com.apple.asl" override any specified in ASL Module "com.apple.authd".
May  9 08:31:20 localhost syslogd[134]: Configuration Notice:
	ASL Module "com.apple.authd" claims selected messages.
	Those messages may not appear in standard system log files or in the ASL database.
May  9 08:31:20 localhost syslogd[134]: Configuration Notice:
	ASL Module "com.apple.eventmonitor" claims selected messages.
	Those messages may not appear in standard system log files or in the ASL database.
May  9 08:31:20 localhost syslogd[134]: Configuration Notice:
	ASL Module "com.apple.mail" claims selected messages.
	Those messages may not appear in standard system log files or in the ASL database.
May  9 08:31:20 localhost syslogd[134]: Configuration Notice:
	ASL Module "com.apple.performance" claims selected messages.
	Those messages may not appear in standard system log files or in the ASL database.
May  9 08:31:20 localhost syslogd[134]: Configuration Notice:
	ASL Module "com.apple.iokit.power" claims selected messages.
	Those messages may not appear in standard system log files or in the ASL database.
May  9 08:31:20 localhost syslogd[134]: Configuration Notice:
	ASL Module "com.apple.contacts.ContactsAutocomplete" claims selected messages.
	Those messages may not appear in standard system log files or in the ASL database.
May  9 08:31:20 localhost syslogd[134]: Configuration Notice:
	ASL Module "com.apple.mkb" sharing output destination "/private/var/log/keybagd.log" with ASL Module "com.apple.mkb.internal".
	Output parameters from ASL Module "com.apple.mkb.internal" override any specified in ASL Module "com.apple.mkb".
May  9 08:31:20 localhost syslogd[134]: Configuration Notice:
	ASL Module "com.apple.mkb" claims selected messages.
	Those messages may not appear in standard system log files or in the ASL database.
May  9 08:31:20 localhost syslogd[134]: Configuration Notice:
	ASL Module "com.apple.MessageTracer" claims selected messages.
	Those messages may not appear in standard system log files or in the ASL database.
May  9 08:31:20 localhost syslogd[134]: ASL Sender Statistics
May  9 08:36:24 localhost bootlog[0]: BOOT_TIME 1778333784 0
May  9 08:36:49 localhost syslogd[134]: Configuration Notice:
	ASL Module "com.apple.cdscheduler" claims selected messages.
	Those messages may not appear in standard system log files or in the ASL database.
May  9 08:36:49 localhost syslogd[134]: Configuration Notice:
	ASL Module "com.apple.install" claims selected messages.
	Those messages may not appear in standard system log files or in the ASL database.
May  9 08:36:49 localhost syslogd[134]: Configuration Notice:
	ASL Module "com.apple.authd" sharing output destination "/var/log/asl" with ASL Module "com.apple.asl".
	Output parameters from ASL Module "com.apple.asl" override any specified in ASL Module "com.apple.authd".
May  9 08:36:49 localhost syslogd[134]: Configuration Notice:
	ASL Module "com.apple.authd" sharing output destination "/var/log/system.log" with ASL Module "com.apple.asl".
	Output parameters from ASL Module "com.apple.asl" override any specified in ASL Module "com.apple.authd".
May  9 08:36:49 localhost syslogd[134]: Configuration Notice:
	ASL Module "com.apple.authd" claims selected messages.
	Those messages may not appear in standard system log files or in the ASL database.
May  9 08:36:49 localhost syslogd[134]: Configuration Notice:
	ASL Module "com.apple.eventmonitor" claims selected messages.
	Those messages may not appear in standard system log files or in the ASL database.
May  9 08:36:49 localhost syslogd[134]: Configuration Notice:
	ASL Module "com.apple.mail" claims selected messages.
	Those messages may not appear in standard system log files or in the ASL database.
May  9 08:36:49 localhost syslogd[134]: Configuration Notice:
	ASL Module "com.apple.performance" claims selected messages.
	Those messages may not appear in standard system log files or in the ASL database.
May  9 08:36:49 localhost syslogd[134]: Configuration Notice:
	ASL Module "com.apple.iokit.power" claims selected messages.
	Those messages may not appear in standard system log files or in the ASL database.
May  9 08:36:49 localhost syslogd[134]: Configuration Notice:
	ASL Module "com.apple.contacts.ContactsAutocomplete" claims selected messages.
	Those messages may not appear in standard system log files or in the ASL database.
May  9 08:36:49 localhost syslogd[134]: Configuration Notice:
	ASL Module "com.apple.mkb" sharing output destination "/private/var/log/keybagd.log" with ASL Module "com.apple.mkb.internal".
	Output parameters from ASL Module "com.apple.mkb.internal" override any specified in ASL Module "com.apple.mkb".
May  9 08:36:49 localhost syslogd[134]: Configuration Notice:
	ASL Module "com.apple.mkb" claims selected messages.
	Those messages may not appear in standard system log files or in the ASL database.
May  9 08:36:49 localhost syslogd[134]: Configuration Notice:
	ASL Module "com.apple.MessageTracer" claims selected messages.
	Those messages may not appear in standard system log files or in the ASL database.
May  9 08:36:49 localhost syslogd[134]: ASL Sender Statistics
May  9 08:37:15 MacBook-Air loginwindow[170]: Clearing phase info
May  9 08:37:15 MacBook-Air loginwindow[170]: calling progress app remoteObjectProxy
May  9 08:37:15 MacBook-Air loginwindow[170]: Creating connection
May  9 08:37:15 MacBook-Air loginwindow[170]: Connection = 0x600002a8c280, callers = (
	    "<IASUPCaller: 0x600001991390>"
	)
May  9 08:37:15 MacBook-Air loginwindow[170]: version = 2
May  9 08:37:15 MacBook-Air loginwindow[170]: isModernOS = 1
May  9 08:37:15 MacBook-Air loginwindow[170]: Add phase named "IOKit Boot", progress 1.000000, delayInSeconds 0
May  9 08:37:15 MacBook-Air loginwindow[170]: Add phase named "loginwindow Boot", progress 99.000000, delayInSeconds -1
May  9 08:37:15 MacBook-Air loginwindow[170]: Connection = 0x600002a8c280, callers = (
	    "<IASUPCaller: 0x600001991390>",
	    "<IASUPCaller: 0x60000199c700>"
	)
May  9 08:37:15 MacBook-Air loginwindow[170]: client 0x600000eb1540: phaseName = "loginwindow Boot", registering connection
May  9 08:37:15 MacBook-Air loginwindow[170]: client 0x600000eb1540: phaseName = "loginwindow Boot" was created
May  9 08:37:15 MacBook-Air loginwindow[170]: Connection = 0x600002a8c280, callers = (
	    "<IASUPCaller: 0x600001991390>",
	    "<IASUPCaller: 0x60000199c700>",
	    "<IASUPCaller: 0x60000199c770>"
	)
May  9 08:37:15 MacBook-Air loginwindow[170]: client 0x600000eb13c0: phaseName = "IOKit Boot", registering connection
May  9 08:37:15 MacBook-Air loginwindow[170]: client 0x600000eb13c0: phaseName = "IOKit Boot" was created
May  9 08:37:15 MacBook-Air loginwindow[170]: client 0x600000eb13c0: phaseName = "IOKit Boot", show progress UI called
May  9 08:37:15 MacBook-Air loginwindow[170]: ISAP: Show progress UI called
May  9 08:37:15 MacBook-Air loginwindow[170]: client 0x600000eb13c0: phaseName = "IOKit Boot" is done
May  9 08:37:15 MacBook-Air loginwindow[170]: ISAP: Done with Phase "IOKit Boot"
May  9 08:37:15 MacBook-Air loginwindow[170]: client 0x600000eb13c0: phaseName = "IOKit Boot" is being released
May  9 08:37:15 MacBook-Air loginwindow[170]: Releasing Connection
May  9 08:37:15 MacBook-Air loginwindow[170]: client 0x600000eb1540: handler = 0x6000015a4150
May  9 08:37:16 MacBook-Air loginwindow[170]: client 0x600000eb1540: phaseName = "loginwindow Boot" is done
May  9 08:37:16 MacBook-Air loginwindow[170]: ISAP: Done with Phase "loginwindow Boot"
May  9 08:37:17 MacBook-Air loginwindow[170]: Calling completion handler for 0x600000eb1540
May  9 08:37:17 MacBook-Air loginwindow[170]: client 0x600000eb1540: phaseName = "loginwindow Boot" is already done
May  9 08:37:17 MacBook-Air loginwindow[170]: client 0x600000eb1540: phaseName = "loginwindow Boot", hide progress UI called
May  9 08:37:17 MacBook-Air loginwindow[170]: ISAP: hide progress UI called
May  9 08:37:17 MacBook-Air loginwindow[170]: client 0x600000eb1540: phaseName = "loginwindow Boot" is being released
May  9 08:37:17 MacBook-Air loginwindow[170]: Releasing Connection
May  9 08:37:23 macbook-air loginwindow[170]: The connection was interrupted, calling interruption handlers
May  9 08:37:27 macbook-air loginwindow[170]: USER_PROCESS: 170 console
May  9 08:37:29 macbook-air AMPDeviceDiscoveryAgent[435]: tid:1403 - This is here just to make sure we empty our found devices queue
May  9 08:37:29 macbook-air AMPDeviceDiscoveryAgent[435]: tid:1403 - (null)
May  9 08:37:29 macbook-air AMPDeviceDiscoveryAgent[435]: tid:1403 - Failed to subscribe for booted OS device notifications.
May  9 08:37:29 macbook-air AMPDeviceDiscoveryAgent[435]: tid:103 - (null)
May  9 08:38:16 macbook-air loginwindow[170]: There is still an active connection
May  9 08:38:44 --- last message repeated 1 time ---
May  9 08:38:44 macbook-air login[687]: USER_PROCESS: 687 ttys000
May  9 08:43:07 macbook-air login[687]: DEAD_PROCESS: 687 ttys000
May  9 08:43:07 macbook-air sessionlogoutd[919]: DEAD_PROCESS: 170 console
May  9 08:43:07 macbook-air shutdown[923]: SHUTDOWN_TIME: 1778334187 743858
May  9 08:43:59 localhost bootlog[0]: BOOT_TIME 1778334239 0
May  9 08:44:27 localhost syslogd[134]: Configuration Notice:
	ASL Module "com.apple.cdscheduler" claims selected messages.
	Those messages may not appear in standard system log files or in the ASL database.
May  9 08:44:27 localhost syslogd[134]: Configuration Notice:
	ASL Module "com.apple.install" claims selected messages.
	Those messages may not appear in standard system log files or in the ASL database.
May  9 08:44:27 localhost syslogd[134]: Configuration Notice:
	ASL Module "com.apple.authd" sharing output destination "/var/log/asl" with ASL Module "com.apple.asl".
	Output parameters from ASL Module "com.apple.asl" override any specified in ASL Module "com.apple.authd".
May  9 08:44:27 localhost syslogd[134]: Configuration Notice:
	ASL Module "com.apple.authd" sharing output destination "/var/log/system.log" with ASL Module "com.apple.asl".
	Output parameters from ASL Module "com.apple.asl" override any specified in ASL Module "com.apple.authd".
May  9 08:44:27 localhost syslogd[134]: Configuration Notice:
	ASL Module "com.apple.authd" claims selected messages.
	Those messages may not appear in standard system log files or in the ASL database.
May  9 08:44:27 localhost syslogd[134]: Configuration Notice:
	ASL Module "com.apple.eventmonitor" claims selected messages.
	Those messages may not appear in standard system log files or in the ASL database.
May  9 08:44:27 localhost syslogd[134]: Configuration Notice:
	ASL Module "com.apple.mail" claims selected messages.
	Those messages may not appear in standard system log files or in the ASL database.
May  9 08:44:27 localhost syslogd[134]: Configuration Notice:
	ASL Module "com.apple.performance" claims selected messages.
	Those messages may not appear in standard system log files or in the ASL database.
May  9 08:44:27 localhost syslogd[134]: Configuration Notice:
	ASL Module "com.apple.iokit.power" claims selected messages.
	Those messages may not appear in standard system log files or in the ASL database.
May  9 08:44:27 localhost syslogd[134]: Configuration Notice:
	ASL Module "com.apple.contacts.ContactsAutocomplete" claims selected messages.
	Those messages may not appear in standard system log files or in the ASL database.
May  9 08:44:27 localhost syslogd[134]: Configuration Notice:
	ASL Module "com.apple.mkb" sharing output destination "/private/var/log/keybagd.log" with ASL Module "com.apple.mkb.internal".
	Output parameters from ASL Module "com.apple.mkb.internal" override any specified in ASL Module "com.apple.mkb".
May  9 08:44:27 localhost syslogd[134]: Configuration Notice:
	ASL Module "com.apple.mkb" claims selected messages.
	Those messages may not appear in standard system log files or in the ASL database.
May  9 08:44:27 localhost syslogd[134]: Configuration Notice:
	ASL Module "com.apple.MessageTracer" claims selected messages.
	Those messages may not appear in standard system log files or in the ASL database.
May  9 08:44:27 localhost syslogd[134]: ASL Sender Statistics
May  9 08:55:59 localhost bootlog[0]: BOOT_TIME 1778334959 0
May  9 08:56:24 localhost syslogd[134]: Configuration Notice:
	ASL Module "com.apple.cdscheduler" claims selected messages.
	Those messages may not appear in standard system log files or in the ASL database.
May  9 08:56:24 localhost syslogd[134]: Configuration Notice:
	ASL Module "com.apple.install" claims selected messages.
	Those messages may not appear in standard system log files or in the ASL database.
May  9 08:56:24 localhost syslogd[134]: Configuration Notice:
	ASL Module "com.apple.authd" sharing output destination "/var/log/asl" with ASL Module "com.apple.asl".
	Output parameters from ASL Module "com.apple.asl" override any specified in ASL Module "com.apple.authd".
May  9 08:56:24 localhost syslogd[134]: Configuration Notice:
	ASL Module "com.apple.authd" sharing output destination "/var/log/system.log" with ASL Module "com.apple.asl".
	Output parameters from ASL Module "com.apple.asl" override any specified in ASL Module "com.apple.authd".
May  9 08:56:24 localhost syslogd[134]: Configuration Notice:
	ASL Module "com.apple.authd" claims selected messages.
	Those messages may not appear in standard system log files or in the ASL database.
May  9 08:56:24 localhost syslogd[134]: Configuration Notice:
	ASL Module "com.apple.eventmonitor" claims selected messages.
	Those messages may not appear in standard system log files or in the ASL database.
May  9 08:56:24 localhost syslogd[134]: Configuration Notice:
	ASL Module "com.apple.mail" claims selected messages.
	Those messages may not appear in standard system log files or in the ASL database.
May  9 08:56:24 localhost syslogd[134]: Configuration Notice:
	ASL Module "com.apple.performance" claims selected messages.
	Those messages may not appear in standard system log files or in the ASL database.
May  9 08:56:24 localhost syslogd[134]: Configuration Notice:
	ASL Module "com.apple.iokit.power" claims selected messages.
	Those messages may not appear in standard system log files or in the ASL database.
May  9 08:56:24 localhost syslogd[134]: Configuration Notice:
	ASL Module "com.apple.contacts.ContactsAutocomplete" claims selected messages.
	Those messages may not appear in standard system log files or in the ASL database.
May  9 08:56:24 localhost syslogd[134]: Configuration Notice:
	ASL Module "com.apple.mkb" sharing output destination "/private/var/log/keybagd.log" with ASL Module "com.apple.mkb.internal".
	Output parameters from ASL Module "com.apple.mkb.internal" override any specified in ASL Module "com.apple.mkb".
May  9 08:56:24 localhost syslogd[134]: Configuration Notice:
	ASL Module "com.apple.mkb" claims selected messages.
	Those messages may not appear in standard system log files or in the ASL database.
May  9 08:56:24 localhost syslogd[134]: Configuration Notice:
	ASL Module "com.apple.MessageTracer" claims selected messages.
	Those messages may not appear in standard system log files or in the ASL database.
May  9 08:56:24 localhost syslogd[134]: ASL Sender Statistics
May  9 08:56:51 MacBook-Air loginwindow[171]: Clearing phase info
May  9 08:56:51 MacBook-Air loginwindow[171]: calling progress app remoteObjectProxy
May  9 08:56:51 MacBook-Air loginwindow[171]: Creating connection
May  9 08:56:51 MacBook-Air loginwindow[171]: Connection = 0x6000032ad680, callers = (
	    "<IASUPCaller: 0x6000001bc780>"
	)
May  9 08:56:51 MacBook-Air loginwindow[171]: version = 2
May  9 08:56:51 MacBook-Air loginwindow[171]: isModernOS = 1
May  9 08:56:51 MacBook-Air loginwindow[171]: Add phase named "IOKit Boot", progress 1.000000, delayInSeconds 0
May  9 08:56:51 MacBook-Air loginwindow[171]: Add phase named "loginwindow Boot", progress 99.000000, delayInSeconds -1
May  9 08:56:51 MacBook-Air loginwindow[171]: Connection = 0x6000032ad680, callers = (
	    "<IASUPCaller: 0x6000001bc780>",
	    "<IASUPCaller: 0x6000001a0650>"
	)
May  9 08:56:51 MacBook-Air loginwindow[171]: client 0x600001686b40: phaseName = "loginwindow Boot", registering connection
May  9 08:56:51 MacBook-Air loginwindow[171]: client 0x600001686b40: phaseName = "loginwindow Boot" was created
May  9 08:56:51 MacBook-Air loginwindow[171]: Connection = 0x6000032ad680, callers = (
	    "<IASUPCaller: 0x6000001bc780>",
	    "<IASUPCaller: 0x6000001a0650>",
	    "<IASUPCaller: 0x6000001a0670>"
	)
May  9 08:56:51 MacBook-Air loginwindow[171]: client 0x600001687280: phaseName = "IOKit Boot", registering connection
May  9 08:56:51 MacBook-Air loginwindow[171]: client 0x600001687280: phaseName = "IOKit Boot" was created
May  9 08:56:51 MacBook-Air loginwindow[171]: client 0x600001687280: phaseName = "IOKit Boot", show progress UI called
May  9 08:56:51 MacBook-Air loginwindow[171]: ISAP: Show progress UI called
May  9 08:56:51 MacBook-Air loginwindow[171]: client 0x600001687280: phaseName = "IOKit Boot" is done
May  9 08:56:51 MacBook-Air loginwindow[171]: ISAP: Done with Phase "IOKit Boot"
May  9 08:56:51 MacBook-Air loginwindow[171]: client 0x600001687280: phaseName = "IOKit Boot" is being released
May  9 08:56:51 MacBook-Air loginwindow[171]: Releasing Connection
May  9 08:56:51 MacBook-Air loginwindow[171]: client 0x600001686b40: handler = 0x600000d813b0
May  9 08:56:52 MacBook-Air loginwindow[171]: client 0x600001686b40: phaseName = "loginwindow Boot" is done
May  9 08:56:52 MacBook-Air loginwindow[171]: ISAP: Done with Phase "loginwindow Boot"
May  9 08:56:53 MacBook-Air loginwindow[171]: Calling completion handler for 0x600001686b40
May  9 08:56:53 MacBook-Air loginwindow[171]: client 0x600001686b40: phaseName = "loginwindow Boot" is already done
May  9 08:56:53 MacBook-Air loginwindow[171]: client 0x600001686b40: phaseName = "loginwindow Boot", hide progress UI called
May  9 08:56:53 MacBook-Air loginwindow[171]: ISAP: hide progress UI called
May  9 08:56:53 MacBook-Air loginwindow[171]: client 0x600001686b40: phaseName = "loginwindow Boot" is being released
May  9 08:56:53 MacBook-Air loginwindow[171]: Releasing Connection
May  9 08:56:58 macbook-air loginwindow[171]: The connection was interrupted, calling interruption handlers
May  9 08:57:23 macbook-air loginwindow[171]: USER_PROCESS: 171 console
May  9 08:57:43 macbook-air AMPDeviceDiscoveryAgent[580]: tid:1503 - This is here just to make sure we empty our found devices queue
May  9 08:57:43 macbook-air AMPDeviceDiscoveryAgent[580]: tid:1503 - (null)
May  9 08:57:43 macbook-air AMPDeviceDiscoveryAgent[580]: tid:1503 - Failed to subscribe for booted OS device notifications.
May  9 08:57:43 macbook-air AMPDeviceDiscoveryAgent[580]: tid:103 - (null)
May  9 08:57:51 macbook-air loginwindow[171]: There is still an active connection
May  9 08:58:23 --- last message repeated 1 time ---
May  9 09:06:29 macbook-air syslogd[134]: ASL Sender Statistics
May  9 09:06:57 macbook-air sessionlogoutd[1009]: DEAD_PROCESS: 171 console
May  9 09:06:57 macbook-air shutdown[1011]: SHUTDOWN_TIME: 1778335617 269608
May  9 09:07:47 localhost bootlog[0]: BOOT_TIME 1778335667 0
May  9 09:08:14 localhost syslogd[134]: Configuration Notice:
	ASL Module "com.apple.cdscheduler" claims selected messages.
	Those messages may not appear in standard system log files or in the ASL database.
May  9 09:08:14 localhost syslogd[134]: Configuration Notice:
	ASL Module "com.apple.install" claims selected messages.
	Those messages may not appear in standard system log files or in the ASL database.
May  9 09:08:14 localhost syslogd[134]: Configuration Notice:
	ASL Module "com.apple.authd" sharing output destination "/var/log/asl" with ASL Module "com.apple.asl".
	Output parameters from ASL Module "com.apple.asl" override any specified in ASL Module "com.apple.authd".
May  9 09:08:14 localhost syslogd[134]: Configuration Notice:
	ASL Module "com.apple.authd" sharing output destination "/var/log/system.log" with ASL Module "com.apple.asl".
	Output parameters from ASL Module "com.apple.asl" override any specified in ASL Module "com.apple.authd".
May  9 09:08:14 localhost syslogd[134]: Configuration Notice:
	ASL Module "com.apple.authd" claims selected messages.
	Those messages may not appear in standard system log files or in the ASL database.
May  9 09:08:14 localhost syslogd[134]: Configuration Notice:
	ASL Module "com.apple.eventmonitor" claims selected messages.
	Those messages may not appear in standard system log files or in the ASL database.
May  9 09:08:14 localhost syslogd[134]: Configuration Notice:
	ASL Module "com.apple.mail" claims selected messages.
	Those messages may not appear in standard system log files or in the ASL database.
May  9 09:08:14 localhost syslogd[134]: Configuration Notice:
	ASL Module "com.apple.performance" claims selected messages.
	Those messages may not appear in standard system log files or in the ASL database.
May  9 09:08:14 localhost syslogd[134]: Configuration Notice:
	ASL Module "com.apple.iokit.power" claims selected messages.
	Those messages may not appear in standard system log files or in the ASL database.
May  9 09:08:14 localhost syslogd[134]: Configuration Notice:
	ASL Module "com.apple.contacts.ContactsAutocomplete" claims selected messages.
	Those messages may not appear in standard system log files or in the ASL database.
May  9 09:08:14 localhost syslogd[134]: Configuration Notice:
	ASL Module "com.apple.mkb" sharing output destination "/private/var/log/keybagd.log" with ASL Module "com.apple.mkb.internal".
	Output parameters from ASL Module "com.apple.mkb.internal" override any specified in ASL Module "com.apple.mkb".
May  9 09:08:14 localhost syslogd[134]: Configuration Notice:
	ASL Module "com.apple.mkb" claims selected messages.
	Those messages may not appear in standard system log files or in the ASL database.
May  9 09:08:14 localhost syslogd[134]: Configuration Notice:
	ASL Module "com.apple.MessageTracer" claims selected messages.
	Those messages may not appear in standard system log files or in the ASL database.
May  9 09:08:14 localhost syslogd[134]: ASL Sender Statistics
May  9 09:13:45 localhost bootlog[0]: BOOT_TIME 1778336025 0
May  9 09:14:11 localhost syslogd[134]: Configuration Notice:
	ASL Module "com.apple.cdscheduler" claims selected messages.
	Those messages may not appear in standard system log files or in the ASL database.
May  9 09:14:11 localhost syslogd[134]: Configuration Notice:
	ASL Module "com.apple.install" claims selected messages.
	Those messages may not appear in standard system log files or in the ASL database.
May  9 09:14:11 localhost syslogd[134]: Configuration Notice:
	ASL Module "com.apple.authd" sharing output destination "/var/log/asl" with ASL Module "com.apple.asl".
	Output parameters from ASL Module "com.apple.asl" override any specified in ASL Module "com.apple.authd".
May  9 09:14:11 localhost syslogd[134]: Configuration Notice:
	ASL Module "com.apple.authd" sharing output destination "/var/log/system.log" with ASL Module "com.apple.asl".
	Output parameters from ASL Module "com.apple.asl" override any specified in ASL Module "com.apple.authd".
May  9 09:14:11 localhost syslogd[134]: Configuration Notice:
	ASL Module "com.apple.authd" claims selected messages.
	Those messages may not appear in standard system log files or in the ASL database.
May  9 09:14:11 localhost syslogd[134]: Configuration Notice:
	ASL Module "com.apple.eventmonitor" claims selected messages.
	Those messages may not appear in standard system log files or in the ASL database.
May  9 09:14:11 localhost syslogd[134]: Configuration Notice:
	ASL Module "com.apple.mail" claims selected messages.
	Those messages may not appear in standard system log files or in the ASL database.
May  9 09:14:11 localhost syslogd[134]: Configuration Notice:
	ASL Module "com.apple.performance" claims selected messages.
	Those messages may not appear in standard system log files or in the ASL database.
May  9 09:14:11 localhost syslogd[134]: Configuration Notice:
	ASL Module "com.apple.iokit.power" claims selected messages.
	Those messages may not appear in standard system log files or in the ASL database.
May  9 09:14:11 localhost syslogd[134]: Configuration Notice:
	ASL Module "com.apple.contacts.ContactsAutocomplete" claims selected messages.
	Those messages may not appear in standard system log files or in the ASL database.
May  9 09:14:11 localhost syslogd[134]: Configuration Notice:
	ASL Module "com.apple.mkb" sharing output destination "/private/var/log/keybagd.log" with ASL Module "com.apple.mkb.internal".
	Output parameters from ASL Module "com.apple.mkb.internal" override any specified in ASL Module "com.apple.mkb".
May  9 09:14:11 localhost syslogd[134]: Configuration Notice:
	ASL Module "com.apple.mkb" claims selected messages.
	Those messages may not appear in standard system log files or in the ASL database.
May  9 09:14:11 localhost syslogd[134]: Configuration Notice:
	ASL Module "com.apple.MessageTracer" claims selected messages.
	Those messages may not appear in standard system log files or in the ASL database.
May  9 09:14:11 localhost syslogd[134]: ASL Sender Statistics
May  9 09:14:38 MacBook-Air loginwindow[169]: Clearing phase info
May  9 09:14:38 MacBook-Air loginwindow[169]: calling progress app remoteObjectProxy
May  9 09:14:38 MacBook-Air loginwindow[169]: Creating connection
May  9 09:14:38 MacBook-Air loginwindow[169]: Connection = 0x600003828140, callers = (
	    "<IASUPCaller: 0x600000b302d0>"
	)
May  9 09:14:38 MacBook-Air loginwindow[169]: version = 2
May  9 09:14:38 MacBook-Air loginwindow[169]: isModernOS = 1
May  9 09:14:38 MacBook-Air loginwindow[169]: Add phase named "IOKit Boot", progress 1.000000, delayInSeconds 0
May  9 09:14:38 MacBook-Air loginwindow[169]: Add phase named "loginwindow Boot", progress 99.000000, delayInSeconds -1
May  9 09:14:38 MacBook-Air loginwindow[169]: Connection = 0x600003828140, callers = (
	    "<IASUPCaller: 0x600000b302d0>",
	    "<IASUPCaller: 0x600000b285c0>"
	)
May  9 09:14:38 MacBook-Air loginwindow[169]: client 0x600001c16500: phaseName = "loginwindow Boot", registering connection
May  9 09:14:38 MacBook-Air loginwindow[169]: client 0x600001c16500: phaseName = "loginwindow Boot" was created
May  9 09:14:38 MacBook-Air loginwindow[169]: Connection = 0x600003828140, callers = (
	    "<IASUPCaller: 0x600000b302d0>",
	    "<IASUPCaller: 0x600000b285c0>",
	    "<IASUPCaller: 0x600000b28690>"
	)
May  9 09:14:38 MacBook-Air loginwindow[169]: client 0x600001c16380: phaseName = "IOKit Boot", registering connection
May  9 09:14:38 MacBook-Air loginwindow[169]: client 0x600001c16380: phaseName = "IOKit Boot" was created
May  9 09:14:38 MacBook-Air loginwindow[169]: client 0x600001c16380: phaseName = "IOKit Boot", show progress UI called
May  9 09:14:38 MacBook-Air loginwindow[169]: ISAP: Show progress UI called
May  9 09:14:38 MacBook-Air loginwindow[169]: client 0x600001c16380: phaseName = "IOKit Boot" is done
May  9 09:14:38 MacBook-Air loginwindow[169]: ISAP: Done with Phase "IOKit Boot"
May  9 09:14:38 MacBook-Air loginwindow[169]: client 0x600001c16380: phaseName = "IOKit Boot" is being released
May  9 09:14:38 MacBook-Air loginwindow[169]: Releasing Connection
May  9 09:14:38 MacBook-Air loginwindow[169]: client 0x600001c16500: handler = 0x600000718b40
May  9 09:14:39 MacBook-Air loginwindow[169]: client 0x600001c16500: phaseName = "loginwindow Boot" is done
May  9 09:14:39 MacBook-Air loginwindow[169]: ISAP: Done with Phase "loginwindow Boot"
May  9 09:14:40 MacBook-Air loginwindow[169]: Calling completion handler for 0x600001c16500
May  9 09:14:40 MacBook-Air loginwindow[169]: client 0x600001c16500: phaseName = "loginwindow Boot" is already done
May  9 09:14:40 MacBook-Air loginwindow[169]: client 0x600001c16500: phaseName = "loginwindow Boot", hide progress UI called
May  9 09:14:40 MacBook-Air loginwindow[169]: ISAP: hide progress UI called
May  9 09:14:40 MacBook-Air loginwindow[169]: client 0x600001c16500: phaseName = "loginwindow Boot" is being released
May  9 09:14:40 MacBook-Air loginwindow[169]: Releasing Connection
May  9 09:14:45 macbook-air loginwindow[169]: The connection was interrupted, calling interruption handlers
May  9 09:15:38 macbook-air loginwindow[169]: There is still an active connection
May  9 09:16:10 --- last message repeated 1 time ---
May  9 09:17:07 macbook-air loginwindow[169]: USER_PROCESS: 169 console
May  9 09:17:29 macbook-air AMPDeviceDiscoveryAgent[603]: tid:1803 - This is here just to make sure we empty our found devices queue
May  9 09:17:29 macbook-air AMPDeviceDiscoveryAgent[603]: tid:1803 - (null)
May  9 09:17:29 macbook-air AMPDeviceDiscoveryAgent[603]: tid:1803 - Failed to subscribe for booted OS device notifications.
May  9 09:17:29 macbook-air AMPDeviceDiscoveryAgent[603]: tid:103 - (null)
May  9 09:25:24 macbook-air syslogd[134]: ASL Sender Statistics
May  9 09:26:16 macbook-air sessionlogoutd[1015]: DEAD_PROCESS: 169 console
May  9 09:27:08 localhost bootlog[0]: BOOT_TIME 1778336828 0
May  9 09:27:32 localhost syslogd[134]: Configuration Notice:
	ASL Module "com.apple.cdscheduler" claims selected messages.
	Those messages may not appear in standard system log files or in the ASL database.
May  9 09:27:32 localhost syslogd[134]: Configuration Notice:
	ASL Module "com.apple.install" claims selected messages.
	Those messages may not appear in standard system log files or in the ASL database.
May  9 09:27:32 localhost syslogd[134]: Configuration Notice:
	ASL Module "com.apple.authd" sharing output destination "/var/log/asl" with ASL Module "com.apple.asl".
	Output parameters from ASL Module "com.apple.asl" override any specified in ASL Module "com.apple.authd".
May  9 09:27:32 localhost syslogd[134]: Configuration Notice:
	ASL Module "com.apple.authd" sharing output destination "/var/log/system.log" with ASL Module "com.apple.asl".
	Output parameters from ASL Module "com.apple.asl" override any specified in ASL Module "com.apple.authd".
May  9 09:27:32 localhost syslogd[134]: Configuration Notice:
	ASL Module "com.apple.authd" claims selected messages.
	Those messages may not appear in standard system log files or in the ASL database.
May  9 09:27:32 localhost syslogd[134]: Configuration Notice:
	ASL Module "com.apple.eventmonitor" claims selected messages.
	Those messages may not appear in standard system log files or in the ASL database.
May  9 09:27:32 localhost syslogd[134]: Configuration Notice:
	ASL Module "com.apple.mail" claims selected messages.
	Those messages may not appear in standard system log files or in the ASL database.
May  9 09:27:32 localhost syslogd[134]: Configuration Notice:
	ASL Module "com.apple.performance" claims selected messages.
	Those messages may not appear in standard system log files or in the ASL database.
May  9 09:27:32 localhost syslogd[134]: Configuration Notice:
	ASL Module "com.apple.iokit.power" claims selected messages.
	Those messages may not appear in standard system log files or in the ASL database.
May  9 09:27:32 localhost syslogd[134]: Configuration Notice:
	ASL Module "com.apple.contacts.ContactsAutocomplete" claims selected messages.
	Those messages may not appear in standard system log files or in the ASL database.
May  9 09:27:32 localhost syslogd[134]: Configuration Notice:
	ASL Module "com.apple.mkb" sharing output destination "/private/var/log/keybagd.log" with ASL Module "com.apple.mkb.internal".
	Output parameters from ASL Module "com.apple.mkb.internal" override any specified in ASL Module "com.apple.mkb".
May  9 09:27:32 localhost syslogd[134]: Configuration Notice:
	ASL Module "com.apple.mkb" claims selected messages.
	Those messages may not appear in standard system log files or in the ASL database.
May  9 09:27:32 localhost syslogd[134]: Configuration Notice:
	ASL Module "com.apple.MessageTracer" claims selected messages.
	Those messages may not appear in standard system log files or in the ASL database.
May  9 09:27:32 localhost syslogd[134]: ASL Sender Statistics
May  9 09:31:50 localhost bootlog[0]: BOOT_TIME 1778337110 0
May  9 09:32:18 localhost syslogd[134]: Configuration Notice:
	ASL Module "com.apple.cdscheduler" claims selected messages.
	Those messages may not appear in standard system log files or in the ASL database.
May  9 09:32:18 localhost syslogd[134]: Configuration Notice:
	ASL Module "com.apple.install" claims selected messages.
	Those messages may not appear in standard system log files or in the ASL database.
May  9 09:32:18 localhost syslogd[134]: Configuration Notice:
	ASL Module "com.apple.authd" sharing output destination "/var/log/asl" with ASL Module "com.apple.asl".
	Output parameters from ASL Module "com.apple.asl" override any specified in ASL Module "com.apple.authd".
May  9 09:32:18 localhost syslogd[134]: Configuration Notice:
	ASL Module "com.apple.authd" sharing output destination "/var/log/system.log" with ASL Module "com.apple.asl".
	Output parameters from ASL Module "com.apple.asl" override any specified in ASL Module "com.apple.authd".
May  9 09:32:18 localhost syslogd[134]: Configuration Notice:
	ASL Module "com.apple.authd" claims selected messages.
	Those messages may not appear in standard system log files or in the ASL database.
May  9 09:32:18 localhost syslogd[134]: Configuration Notice:
	ASL Module "com.apple.eventmonitor" claims selected messages.
	Those messages may not appear in standard system log files or in the ASL database.
May  9 09:32:18 localhost syslogd[134]: Configuration Notice:
	ASL Module "com.apple.mail" claims selected messages.
	Those messages may not appear in standard system log files or in the ASL database.
May  9 09:32:18 localhost syslogd[134]: Configuration Notice:
	ASL Module "com.apple.performance" claims selected messages.
	Those messages may not appear in standard system log files or in the ASL database.
May  9 09:32:18 localhost syslogd[134]: Configuration Notice:
	ASL Module "com.apple.iokit.power" claims selected messages.
	Those messages may not appear in standard system log files or in the ASL database.
May  9 09:32:18 localhost syslogd[134]: Configuration Notice:
	ASL Module "com.apple.contacts.ContactsAutocomplete" claims selected messages.
	Those messages may not appear in standard system log files or in the ASL database.
May  9 09:32:18 localhost syslogd[134]: Configuration Notice:
	ASL Module "com.apple.mkb" sharing output destination "/private/var/log/keybagd.log" with ASL Module "com.apple.mkb.internal".
	Output parameters from ASL Module "com.apple.mkb.internal" override any specified in ASL Module "com.apple.mkb".
May  9 09:32:18 localhost syslogd[134]: Configuration Notice:
	ASL Module "com.apple.mkb" claims selected messages.
	Those messages may not appear in standard system log files or in the ASL database.
May  9 09:32:18 localhost syslogd[134]: Configuration Notice:
	ASL Module "com.apple.MessageTracer" claims selected messages.
	Those messages may not appear in standard system log files or in the ASL database.
May  9 09:32:18 localhost syslogd[134]: ASL Sender Statistics
May  9 09:32:44 MacBook-Air loginwindow[170]: Clearing phase info
May  9 09:32:44 MacBook-Air loginwindow[170]: calling progress app remoteObjectProxy
May  9 09:32:44 MacBook-Air loginwindow[170]: Creating connection
May  9 09:32:44 MacBook-Air loginwindow[170]: Connection = 0x600000e6c460, callers = (
	    "<IASUPCaller: 0x600003d7c5c0>"
	)
May  9 09:32:44 MacBook-Air loginwindow[170]: version = 2
May  9 09:32:44 MacBook-Air loginwindow[170]: isModernOS = 1
May  9 09:32:44 MacBook-Air loginwindow[170]: Add phase named "IOKit Boot", progress 1.000000, delayInSeconds 0
May  9 09:32:44 MacBook-Air loginwindow[170]: Add phase named "loginwindow Boot", progress 99.000000, delayInSeconds -1
May  9 09:32:44 MacBook-Air loginwindow[170]: Connection = 0x600000e6c460, callers = (
	    "<IASUPCaller: 0x600003d7c5c0>",
	    "<IASUPCaller: 0x600003d60530>"
	)
May  9 09:32:44 MacBook-Air loginwindow[170]: client 0x600002a4bc80: phaseName = "loginwindow Boot", registering connection
May  9 09:32:44 MacBook-Air loginwindow[170]: client 0x600002a4bc80: phaseName = "loginwindow Boot" was created
May  9 09:32:44 MacBook-Air loginwindow[170]: Connection = 0x600000e6c460, callers = (
	    "<IASUPCaller: 0x600003d7c5c0>",
	    "<IASUPCaller: 0x600003d60530>",
	    "<IASUPCaller: 0x600003d60550>"
	)
May  9 09:32:44 MacBook-Air loginwindow[170]: client 0x600002a4be00: phaseName = "IOKit Boot", registering connection
May  9 09:32:44 MacBook-Air loginwindow[170]: client 0x600002a4be00: phaseName = "IOKit Boot" was created
May  9 09:32:44 MacBook-Air loginwindow[170]: client 0x600002a4be00: phaseName = "IOKit Boot", show progress UI called
May  9 09:32:44 MacBook-Air loginwindow[170]: ISAP: Show progress UI called
May  9 09:32:44 MacBook-Air loginwindow[170]: client 0x600002a4be00: phaseName = "IOKit Boot" is done
May  9 09:32:44 MacBook-Air loginwindow[170]: ISAP: Done with Phase "IOKit Boot"
May  9 09:32:44 MacBook-Air loginwindow[170]: client 0x600002a4be00: phaseName = "IOKit Boot" is being released
May  9 09:32:44 MacBook-Air loginwindow[170]: Releasing Connection
May  9 09:32:44 MacBook-Air loginwindow[170]: client 0x600002a4bc80: handler = 0x60000314dc80
May  9 09:32:46 MacBook-Air loginwindow[170]: client 0x600002a4bc80: phaseName = "loginwindow Boot" is done
May  9 09:32:46 MacBook-Air loginwindow[170]: ISAP: Done with Phase "loginwindow Boot"
May  9 09:32:46 MacBook-Air loginwindow[170]: Calling completion handler for 0x600002a4bc80
May  9 09:32:47 MacBook-Air loginwindow[170]: client 0x600002a4bc80: phaseName = "loginwindow Boot" is already done
May  9 09:32:47 MacBook-Air loginwindow[170]: client 0x600002a4bc80: phaseName = "loginwindow Boot", hide progress UI called
May  9 09:32:47 MacBook-Air loginwindow[170]: ISAP: hide progress UI called
May  9 09:32:47 MacBook-Air loginwindow[170]: client 0x600002a4bc80: phaseName = "loginwindow Boot" is being released
May  9 09:32:47 MacBook-Air loginwindow[170]: Releasing Connection
May  9 09:32:52 MacBook-Air loginwindow[170]: The connection was interrupted, calling interruption handlers
May  9 09:32:56 macbook-air loginwindow[170]: USER_PROCESS: 170 console
May  9 09:33:14 macbook-air AMPDeviceDiscoveryAgent[576]: tid:1903 - This is here just to make sure we empty our found devices queue
May  9 09:33:14 macbook-air AMPDeviceDiscoveryAgent[576]: tid:1903 - (null)
May  9 09:33:14 macbook-air AMPDeviceDiscoveryAgent[576]: tid:1903 - Failed to subscribe for booted OS device notifications.
May  9 09:33:14 macbook-air AMPDeviceDiscoveryAgent[576]: tid:103 - (null)
May  9 09:33:45 macbook-air loginwindow[170]: There is still an active connection
May  9 09:34:17 --- last message repeated 1 time ---
May  9 09:47:44 macbook-air syslogd[134]: ASL Sender Statistics
May  9 09:52:40 macbook-air sessionlogoutd[1051]: DEAD_PROCESS: 170 console
May  9 09:52:40 macbook-air shutdown[1054]: SHUTDOWN_TIME: 1778338360 854890
May  9 09:53:36 localhost bootlog[0]: BOOT_TIME 1778338416 0
May  9 09:54:03 localhost syslogd[134]: Configuration Notice:
	ASL Module "com.apple.cdscheduler" claims selected messages.
	Those messages may not appear in standard system log files or in the ASL database.
May  9 09:54:03 localhost syslogd[134]: Configuration Notice:
	ASL Module "com.apple.install" claims selected messages.
	Those messages may not appear in standard system log files or in the ASL database.
May  9 09:54:03 localhost syslogd[134]: Configuration Notice:
	ASL Module "com.apple.authd" sharing output destination "/var/log/asl" with ASL Module "com.apple.asl".
	Output parameters from ASL Module "com.apple.asl" override any specified in ASL Module "com.apple.authd".
May  9 09:54:03 localhost syslogd[134]: Configuration Notice:
	ASL Module "com.apple.authd" sharing output destination "/var/log/system.log" with ASL Module "com.apple.asl".
	Output parameters from ASL Module "com.apple.asl" override any specified in ASL Module "com.apple.authd".
May  9 09:54:03 localhost syslogd[134]: Configuration Notice:
	ASL Module "com.apple.authd" claims selected messages.
	Those messages may not appear in standard system log files or in the ASL database.
May  9 09:54:03 localhost syslogd[134]: Configuration Notice:
	ASL Module "com.apple.eventmonitor" claims selected messages.
	Those messages may not appear in standard system log files or in the ASL database.
May  9 09:54:03 localhost syslogd[134]: Configuration Notice:
	ASL Module "com.apple.mail" claims selected messages.
	Those messages may not appear in standard system log files or in the ASL database.
May  9 09:54:03 localhost syslogd[134]: Configuration Notice:
	ASL Module "com.apple.performance" claims selected messages.
	Those messages may not appear in standard system log files or in the ASL database.
May  9 09:54:03 localhost syslogd[134]: Configuration Notice:
	ASL Module "com.apple.iokit.power" claims selected messages.
	Those messages may not appear in standard system log files or in the ASL database.
May  9 09:54:03 localhost syslogd[134]: Configuration Notice:
	ASL Module "com.apple.contacts.ContactsAutocomplete" claims selected messages.
	Those messages may not appear in standard system log files or in the ASL database.
May  9 09:54:03 localhost syslogd[134]: Configuration Notice:
	ASL Module "com.apple.mkb" sharing output destination "/private/var/log/keybagd.log" with ASL Module "com.apple.mkb.internal".
	Output parameters from ASL Module "com.apple.mkb.internal" override any specified in ASL Module "com.apple.mkb".
May  9 09:54:03 localhost syslogd[134]: Configuration Notice:
	ASL Module "com.apple.mkb" claims selected messages.
	Those messages may not appear in standard system log files or in the ASL database.
May  9 09:54:03 localhost syslogd[134]: Configuration Notice:
	ASL Module "com.apple.MessageTracer" claims selected messages.
	Those messages may not appear in standard system log files or in the ASL database.
May  9 09:54:03 localhost syslogd[134]: ASL Sender Statistics
May  9 10:18:59 localhost bootlog[0]: BOOT_TIME 1778339939 0
May  9 10:19:24 localhost syslogd[134]: Configuration Notice:
	ASL Module "com.apple.cdscheduler" claims selected messages.
	Those messages may not appear in standard system log files or in the ASL database.
May  9 10:19:24 localhost syslogd[134]: Configuration Notice:
	ASL Module "com.apple.install" claims selected messages.
	Those messages may not appear in standard system log files or in the ASL database.
May  9 10:19:24 localhost syslogd[134]: Configuration Notice:
	ASL Module "com.apple.authd" sharing output destination "/var/log/asl" with ASL Module "com.apple.asl".
	Output parameters from ASL Module "com.apple.asl" override any specified in ASL Module "com.apple.authd".
May  9 10:19:24 localhost syslogd[134]: Configuration Notice:
	ASL Module "com.apple.authd" sharing output destination "/var/log/system.log" with ASL Module "com.apple.asl".
	Output parameters from ASL Module "com.apple.asl" override any specified in ASL Module "com.apple.authd".
May  9 10:19:24 localhost syslogd[134]: Configuration Notice:
	ASL Module "com.apple.authd" claims selected messages.
	Those messages may not appear in standard system log files or in the ASL database.
May  9 10:19:24 localhost syslogd[134]: Configuration Notice:
	ASL Module "com.apple.eventmonitor" claims selected messages.
	Those messages may not appear in standard system log files or in the ASL database.
May  9 10:19:24 localhost syslogd[134]: Configuration Notice:
	ASL Module "com.apple.mail" claims selected messages.
	Those messages may not appear in standard system log files or in the ASL database.
May  9 10:19:24 localhost syslogd[134]: Configuration Notice:
	ASL Module "com.apple.performance" claims selected messages.
	Those messages may not appear in standard system log files or in the ASL database.
May  9 10:19:24 localhost syslogd[134]: Configuration Notice:
	ASL Module "com.apple.iokit.power" claims selected messages.
	Those messages may not appear in standard system log files or in the ASL database.
May  9 10:19:24 localhost syslogd[134]: Configuration Notice:
	ASL Module "com.apple.contacts.ContactsAutocomplete" claims selected messages.
	Those messages may not appear in standard system log files or in the ASL database.
May  9 10:19:24 localhost syslogd[134]: Configuration Notice:
	ASL Module "com.apple.mkb" sharing output destination "/private/var/log/keybagd.log" with ASL Module "com.apple.mkb.internal".
	Output parameters from ASL Module "com.apple.mkb.internal" override any specified in ASL Module "com.apple.mkb".
May  9 10:19:24 localhost syslogd[134]: Configuration Notice:
	ASL Module "com.apple.mkb" claims selected messages.
	Those messages may not appear in standard system log files or in the ASL database.
May  9 10:19:24 localhost syslogd[134]: Configuration Notice:
	ASL Module "com.apple.MessageTracer" claims selected messages.
	Those messages may not appear in standard system log files or in the ASL database.
May  9 10:19:24 localhost syslogd[134]: ASL Sender Statistics
May  9 10:19:52 MacBook-Air loginwindow[171]: Clearing phase info
May  9 10:19:52 MacBook-Air loginwindow[171]: calling progress app remoteObjectProxy
May  9 10:19:52 MacBook-Air loginwindow[171]: Creating connection
May  9 10:19:52 MacBook-Air loginwindow[171]: Connection = 0x6000024f0500, callers = (
	    "<IASUPCaller: 0x6000017e0510>"
	)
May  9 10:19:52 MacBook-Air loginwindow[171]: version = 2
May  9 10:19:52 MacBook-Air loginwindow[171]: isModernOS = 1
May  9 10:19:52 MacBook-Air loginwindow[171]: Add phase named "IOKit Boot", progress 1.000000, delayInSeconds 0
May  9 10:19:52 MacBook-Air loginwindow[171]: Add phase named "loginwindow Boot", progress 99.000000, delayInSeconds -1
May  9 10:19:52 MacBook-Air loginwindow[171]: Connection = 0x6000024f0500, callers = (
	    "<IASUPCaller: 0x6000017e0510>",
	    "<IASUPCaller: 0x6000017e0670>"
	)
May  9 10:19:52 MacBook-Air loginwindow[171]: client 0x6000000c2a40: phaseName = "loginwindow Boot", registering connection
May  9 10:19:52 MacBook-Air loginwindow[171]: client 0x6000000c2a40: phaseName = "loginwindow Boot" was created
May  9 10:19:52 MacBook-Air loginwindow[171]: Connection = 0x6000024f0500, callers = (
	    "<IASUPCaller: 0x6000017e0510>",
	    "<IASUPCaller: 0x6000017e0670>",
	    "<IASUPCaller: 0x6000017e0690>"
	)
May  9 10:19:52 MacBook-Air loginwindow[171]: client 0x6000000c2780: phaseName = "IOKit Boot", registering connection
May  9 10:19:52 MacBook-Air loginwindow[171]: client 0x6000000c2780: phaseName = "IOKit Boot" was created
May  9 10:19:52 MacBook-Air loginwindow[171]: client 0x6000000c2780: phaseName = "IOKit Boot", show progress UI called
May  9 10:19:52 MacBook-Air loginwindow[171]: ISAP: Show progress UI called
May  9 10:19:52 MacBook-Air loginwindow[171]: client 0x6000000c2780: phaseName = "IOKit Boot" is done
May  9 10:19:52 MacBook-Air loginwindow[171]: ISAP: Done with Phase "IOKit Boot"
May  9 10:19:52 MacBook-Air loginwindow[171]: client 0x6000000c2780: phaseName = "IOKit Boot" is being released
May  9 10:19:52 MacBook-Air loginwindow[171]: Releasing Connection
May  9 10:19:52 MacBook-Air loginwindow[171]: client 0x6000000c2a40: handler = 0x600001bd7300
May  9 10:19:53 MacBook-Air loginwindow[171]: client 0x6000000c2a40: phaseName = "loginwindow Boot" is done
May  9 10:19:53 MacBook-Air loginwindow[171]: ISAP: Done with Phase "loginwindow Boot"
May  9 10:19:54 MacBook-Air loginwindow[171]: Calling completion handler for 0x6000000c2a40
May  9 10:19:54 MacBook-Air loginwindow[171]: client 0x6000000c2a40: phaseName = "loginwindow Boot" is already done
May  9 10:19:54 MacBook-Air loginwindow[171]: client 0x6000000c2a40: phaseName = "loginwindow Boot", hide progress UI called
May  9 10:19:54 MacBook-Air loginwindow[171]: ISAP: hide progress UI called
May  9 10:19:54 MacBook-Air loginwindow[171]: client 0x6000000c2a40: phaseName = "loginwindow Boot" is being released
May  9 10:19:54 MacBook-Air loginwindow[171]: Releasing Connection
May  9 10:19:59 MacBook-Air loginwindow[171]: The connection was interrupted, calling interruption handlers
May  9 10:20:53 macbook-air loginwindow[171]: There is still an active connection
May  9 10:21:25 --- last message repeated 1 time ---
May  9 10:22:32 macbook-air loginwindow[171]: USER_PROCESS: 171 console
May  9 10:23:10 macbook-air AMPDeviceDiscoveryAgent[645]: tid:1b03 - This is here just to make sure we empty our found devices queue
May  9 10:23:10 macbook-air AMPDeviceDiscoveryAgent[645]: tid:1b03 - (null)
May  9 10:23:10 macbook-air AMPDeviceDiscoveryAgent[645]: tid:1b03 - Failed to subscribe for booted OS device notifications.
May  9 10:23:10 macbook-air AMPDeviceDiscoveryAgent[645]: tid:103 - (null)
May  9 10:29:54 macbook-air syslogd[134]: ASL Sender Statistics
May  9 10:29:55 macbook-air sessionlogoutd[910]: DEAD_PROCESS: 171 console
May  9 10:29:55 macbook-air shutdown[912]: SHUTDOWN_TIME: 1778340595 172252
May  9 10:32:56 localhost bootlog[0]: BOOT_TIME 1778340776 0
May  9 10:33:23 localhost syslogd[134]: Configuration Notice:
	ASL Module "com.apple.cdscheduler" claims selected messages.
	Those messages may not appear in standard system log files or in the ASL database.
May  9 10:33:23 localhost syslogd[134]: Configuration Notice:
	ASL Module "com.apple.install" claims selected messages.
	Those messages may not appear in standard system log files or in the ASL database.
May  9 10:33:23 localhost syslogd[134]: Configuration Notice:
	ASL Module "com.apple.authd" sharing output destination "/var/log/asl" with ASL Module "com.apple.asl".
	Output parameters from ASL Module "com.apple.asl" override any specified in ASL Module "com.apple.authd".
May  9 10:33:23 localhost syslogd[134]: Configuration Notice:
	ASL Module "com.apple.authd" sharing output destination "/var/log/system.log" with ASL Module "com.apple.asl".
	Output parameters from ASL Module "com.apple.asl" override any specified in ASL Module "com.apple.authd".
May  9 10:33:23 localhost syslogd[134]: Configuration Notice:
	ASL Module "com.apple.authd" claims selected messages.
	Those messages may not appear in standard system log files or in the ASL database.
May  9 10:33:23 localhost syslogd[134]: Configuration Notice:
	ASL Module "com.apple.eventmonitor" claims selected messages.
	Those messages may not appear in standard system log files or in the ASL database.
May  9 10:33:23 localhost syslogd[134]: Configuration Notice:
	ASL Module "com.apple.mail" claims selected messages.
	Those messages may not appear in standard system log files or in the ASL database.
May  9 10:33:23 localhost syslogd[134]: Configuration Notice:
	ASL Module "com.apple.performance" claims selected messages.
	Those messages may not appear in standard system log files or in the ASL database.
May  9 10:33:23 localhost syslogd[134]: Configuration Notice:
	ASL Module "com.apple.iokit.power" claims selected messages.
	Those messages may not appear in standard system log files or in the ASL database.
May  9 10:33:23 localhost syslogd[134]: Configuration Notice:
	ASL Module "com.apple.contacts.ContactsAutocomplete" claims selected messages.
	Those messages may not appear in standard system log files or in the ASL database.
May  9 10:33:23 localhost syslogd[134]: Configuration Notice:
	ASL Module "com.apple.mkb" sharing output destination "/private/var/log/keybagd.log" with ASL Module "com.apple.mkb.internal".
	Output parameters from ASL Module "com.apple.mkb.internal" override any specified in ASL Module "com.apple.mkb".
May  9 10:33:23 localhost syslogd[134]: Configuration Notice:
	ASL Module "com.apple.mkb" claims selected messages.
	Those messages may not appear in standard system log files or in the ASL database.
May  9 10:33:23 localhost syslogd[134]: Configuration Notice:
	ASL Module "com.apple.MessageTracer" claims selected messages.
	Those messages may not appear in standard system log files or in the ASL database.
May  9 10:33:23 localhost syslogd[134]: ASL Sender Statistics
May  9 10:35:45 localhost bootlog[0]: BOOT_TIME 1778340945 0
May  9 10:36:08 localhost syslogd[134]: Configuration Notice:
	ASL Module "com.apple.cdscheduler" claims selected messages.
	Those messages may not appear in standard system log files or in the ASL database.
May  9 10:36:08 localhost syslogd[134]: Configuration Notice:
	ASL Module "com.apple.install" claims selected messages.
	Those messages may not appear in standard system log files or in the ASL database.
May  9 10:36:08 localhost syslogd[134]: Configuration Notice:
	ASL Module "com.apple.authd" sharing output destination "/var/log/asl" with ASL Module "com.apple.asl".
	Output parameters from ASL Module "com.apple.asl" override any specified in ASL Module "com.apple.authd".
May  9 10:36:08 localhost syslogd[134]: Configuration Notice:
	ASL Module "com.apple.authd" sharing output destination "/var/log/system.log" with ASL Module "com.apple.asl".
	Output parameters from ASL Module "com.apple.asl" override any specified in ASL Module "com.apple.authd".
May  9 10:36:08 localhost syslogd[134]: Configuration Notice:
	ASL Module "com.apple.authd" claims selected messages.
	Those messages may not appear in standard system log files or in the ASL database.
May  9 10:36:08 localhost syslogd[134]: Configuration Notice:
	ASL Module "com.apple.eventmonitor" claims selected messages.
	Those messages may not appear in standard system log files or in the ASL database.
May  9 10:36:08 localhost syslogd[134]: Configuration Notice:
	ASL Module "com.apple.mail" claims selected messages.
	Those messages may not appear in standard system log files or in the ASL database.
May  9 10:36:08 localhost syslogd[134]: Configuration Notice:
	ASL Module "com.apple.performance" claims selected messages.
	Those messages may not appear in standard system log files or in the ASL database.
May  9 10:36:08 localhost syslogd[134]: Configuration Notice:
	ASL Module "com.apple.iokit.power" claims selected messages.
	Those messages may not appear in standard system log files or in the ASL database.
May  9 10:36:08 localhost syslogd[134]: Configuration Notice:
	ASL Module "com.apple.contacts.ContactsAutocomplete" claims selected messages.
	Those messages may not appear in standard system log files or in the ASL database.
May  9 10:36:08 localhost syslogd[134]: Configuration Notice:
	ASL Module "com.apple.mkb" sharing output destination "/private/var/log/keybagd.log" with ASL Module "com.apple.mkb.internal".
	Output parameters from ASL Module "com.apple.mkb.internal" override any specified in ASL Module "com.apple.mkb".
May  9 10:36:08 localhost syslogd[134]: Configuration Notice:
	ASL Module "com.apple.mkb" claims selected messages.
	Those messages may not appear in standard system log files or in the ASL database.
May  9 10:36:08 localhost syslogd[134]: Configuration Notice:
	ASL Module "com.apple.MessageTracer" claims selected messages.
	Those messages may not appear in standard system log files or in the ASL database.
May  9 10:36:08 localhost syslogd[134]: ASL Sender Statistics
May  9 10:36:35 MacBook-Air loginwindow[170]: Clearing phase info
May  9 10:36:35 MacBook-Air loginwindow[170]: calling progress app remoteObjectProxy
May  9 10:36:35 MacBook-Air loginwindow[170]: Creating connection
May  9 10:36:35 MacBook-Air loginwindow[170]: Connection = 0x600003e805a0, callers = (
	    "<IASUPCaller: 0x600000d94420>"
	)
May  9 10:36:35 MacBook-Air loginwindow[170]: version = 2
May  9 10:36:35 MacBook-Air loginwindow[170]: isModernOS = 1
May  9 10:36:35 MacBook-Air loginwindow[170]: Add phase named "IOKit Boot", progress 1.000000, delayInSeconds 0
May  9 10:36:35 MacBook-Air loginwindow[170]: Add phase named "loginwindow Boot", progress 99.000000, delayInSeconds -1
May  9 10:36:35 MacBook-Air loginwindow[170]: Connection = 0x600003e805a0, callers = (
	    "<IASUPCaller: 0x600000d94420>",
	    "<IASUPCaller: 0x600000d98b60>"
	)
May  9 10:36:35 MacBook-Air loginwindow[170]: client 0x600001a9b780: phaseName = "loginwindow Boot", registering connection
May  9 10:36:35 MacBook-Air loginwindow[170]: client 0x600001a9b780: phaseName = "loginwindow Boot" was created
May  9 10:36:35 MacBook-Air loginwindow[170]: Connection = 0x600003e805a0, callers = (
	    "<IASUPCaller: 0x600000d94420>",
	    "<IASUPCaller: 0x600000d98b60>",
	    "<IASUPCaller: 0x600000d98b70>"
	)
May  9 10:36:35 MacBook-Air loginwindow[170]: client 0x600001a9b900: phaseName = "IOKit Boot", registering connection
May  9 10:36:35 MacBook-Air loginwindow[170]: client 0x600001a9b900: phaseName = "IOKit Boot" was created
May  9 10:36:35 MacBook-Air loginwindow[170]: client 0x600001a9b900: phaseName = "IOKit Boot", show progress UI called
May  9 10:36:35 MacBook-Air loginwindow[170]: ISAP: Show progress UI called
May  9 10:36:35 MacBook-Air loginwindow[170]: client 0x600001a9b900: phaseName = "IOKit Boot" is done
May  9 10:36:35 MacBook-Air loginwindow[170]: ISAP: Done with Phase "IOKit Boot"
May  9 10:36:35 MacBook-Air loginwindow[170]: client 0x600001a9b900: phaseName = "IOKit Boot" is being released
May  9 10:36:35 MacBook-Air loginwindow[170]: Releasing Connection
May  9 10:36:35 MacBook-Air loginwindow[170]: client 0x600001a9b780: handler = 0x6000001bfba0
May  9 10:36:36 MacBook-Air loginwindow[170]: client 0x600001a9b780: phaseName = "loginwindow Boot" is done
May  9 10:36:36 MacBook-Air loginwindow[170]: ISAP: Done with Phase "loginwindow Boot"
May  9 10:36:37 MacBook-Air loginwindow[170]: Calling completion handler for 0x600001a9b780
May  9 10:36:37 MacBook-Air loginwindow[170]: client 0x600001a9b780: phaseName = "loginwindow Boot" is already done
May  9 10:36:37 MacBook-Air loginwindow[170]: client 0x600001a9b780: phaseName = "loginwindow Boot", hide progress UI called
May  9 10:36:37 MacBook-Air loginwindow[170]: ISAP: hide progress UI called
May  9 10:36:37 MacBook-Air loginwindow[170]: client 0x600001a9b780: phaseName = "loginwindow Boot" is being released
May  9 10:36:37 MacBook-Air loginwindow[170]: Releasing Connection
May  9 10:36:42 macbook-air loginwindow[170]: The connection was interrupted, calling interruption handlers
May  9 10:37:35 macbook-air loginwindow[170]: There is still an active connection
May  9 10:38:07 --- last message repeated 1 time ---
May  9 10:40:53 macbook-air loginwindow[170]: USER_PROCESS: 170 console
May  9 10:41:20 macbook-air AMPDeviceDiscoveryAgent[639]: tid:1203 - This is here just to make sure we empty our found devices queue
May  9 10:41:20 macbook-air AMPDeviceDiscoveryAgent[639]: tid:1203 - (null)
May  9 10:41:20 macbook-air AMPDeviceDiscoveryAgent[639]: tid:1203 - Failed to subscribe for booted OS device notifications.
May  9 10:41:20 macbook-air AMPDeviceDiscoveryAgent[639]: tid:103 - (null)
May  9 10:47:19 macbook-air syslogd[134]: ASL Sender Statistics
May  9 11:01:32 macbook-air syslogd[134]: ASL Sender Statistics
May  9 11:13:39 macbook-air syslogd[134]: ASL Sender Statistics
May  9 11:27:36 macbook-air login[1174]: USER_PROCESS: 1174 ttys000
May  9 11:27:36 macbook-air syslogd[134]: ASL Sender Statistics
May  9 11:42:22 macbook-air syslogd[134]: ASL Sender Statistics
May  9 12:19:10 macbook-air syslogd[134]: ASL Sender Statistics
May  9 12:37:03 macbook-air syslogd[134]: ASL Sender Statistics
May  9 12:49:21 macbook-air syslogd[134]: ASL Sender Statistics
May  9 12:59:37 macbook-air syslogd[134]: ASL Sender Statistics
May  9 13:11:19 macbook-air syslogd[134]: ASL Sender Statistics
May  9 13:21:46 macbook-air syslogd[134]: ASL Sender Statistics
May  9 13:25:19 macbook-air login[1174]: DEAD_PROCESS: 1174 ttys000
May  9 13:25:23 macbook-air sessionlogoutd[2352]: DEAD_PROCESS: 170 console
May  9 13:25:23 macbook-air shutdown[2353]: SHUTDOWN_TIME: 1778351123 55575
May  9 13:28:35 localhost bootlog[0]: BOOT_TIME 1778351315 0
May  9 13:29:03 localhost syslogd[134]: Configuration Notice:
	ASL Module "com.apple.cdscheduler" claims selected messages.
	Those messages may not appear in standard system log files or in the ASL database.
May  9 13:29:03 localhost syslogd[134]: Configuration Notice:
	ASL Module "com.apple.install" claims selected messages.
	Those messages may not appear in standard system log files or in the ASL database.
May  9 13:29:03 localhost syslogd[134]: Configuration Notice:
	ASL Module "com.apple.authd" sharing output destination "/var/log/asl" with ASL Module "com.apple.asl".
	Output parameters from ASL Module "com.apple.asl" override any specified in ASL Module "com.apple.authd".
May  9 13:29:03 localhost syslogd[134]: Configuration Notice:
	ASL Module "com.apple.authd" sharing output destination "/var/log/system.log" with ASL Module "com.apple.asl".
	Output parameters from ASL Module "com.apple.asl" override any specified in ASL Module "com.apple.authd".
May  9 13:29:03 localhost syslogd[134]: Configuration Notice:
	ASL Module "com.apple.authd" claims selected messages.
	Those messages may not appear in standard system log files or in the ASL database.
May  9 13:29:03 localhost syslogd[134]: Configuration Notice:
	ASL Module "com.apple.eventmonitor" claims selected messages.
	Those messages may not appear in standard system log files or in the ASL database.
May  9 13:29:03 localhost syslogd[134]: Configuration Notice:
	ASL Module "com.apple.mail" claims selected messages.
	Those messages may not appear in standard system log files or in the ASL database.
May  9 13:29:03 localhost syslogd[134]: Configuration Notice:
	ASL Module "com.apple.performance" claims selected messages.
	Those messages may not appear in standard system log files or in the ASL database.
May  9 13:29:03 localhost syslogd[134]: Configuration Notice:
	ASL Module "com.apple.iokit.power" claims selected messages.
	Those messages may not appear in standard system log files or in the ASL database.
May  9 13:29:03 localhost syslogd[134]: Configuration Notice:
	ASL Module "com.apple.contacts.ContactsAutocomplete" claims selected messages.
	Those messages may not appear in standard system log files or in the ASL database.
May  9 13:29:03 localhost syslogd[134]: Configuration Notice:
	ASL Module "com.apple.mkb" sharing output destination "/private/var/log/keybagd.log" with ASL Module "com.apple.mkb.internal".
	Output parameters from ASL Module "com.apple.mkb.internal" override any specified in ASL Module "com.apple.mkb".
May  9 13:29:03 localhost syslogd[134]: Configuration Notice:
	ASL Module "com.apple.mkb" claims selected messages.
	Those messages may not appear in standard system log files or in the ASL database.
May  9 13:29:03 localhost syslogd[134]: Configuration Notice:
	ASL Module "com.apple.MessageTracer" claims selected messages.
	Those messages may not appear in standard system log files or in the ASL database.
May  9 13:29:03 localhost syslogd[134]: ASL Sender Statistics
May  9 13:29:30 MacBook-Air loginwindow[169]: Clearing phase info
May  9 13:29:30 MacBook-Air loginwindow[169]: calling progress app remoteObjectProxy
May  9 13:29:30 MacBook-Air loginwindow[169]: Creating connection
May  9 13:29:30 MacBook-Air loginwindow[169]: Connection = 0x600003474640, callers = (
	    "<IASUPCaller: 0x600000760ac0>"
	)
May  9 13:29:30 MacBook-Air loginwindow[169]: version = 2
May  9 13:29:30 MacBook-Air loginwindow[169]: isModernOS = 1
May  9 13:29:30 MacBook-Air loginwindow[169]: Add phase named "IOKit Boot", progress 1.000000, delayInSeconds 0
May  9 13:29:30 MacBook-Air loginwindow[169]: Add phase named "loginwindow Boot", progress 99.000000, delayInSeconds -1
May  9 13:29:30 MacBook-Air loginwindow[169]: Connection = 0x600003474640, callers = (
	    "<IASUPCaller: 0x600000760ac0>",
	    "<IASUPCaller: 0x600000760af0>"
	)
May  9 13:29:30 MacBook-Air loginwindow[169]: client 0x600001054c80: phaseName = "loginwindow Boot", registering connection
May  9 13:29:30 MacBook-Air loginwindow[169]: client 0x600001054c80: phaseName = "loginwindow Boot" was created
May  9 13:29:30 MacBook-Air loginwindow[169]: Connection = 0x600003474640, callers = (
	    "<IASUPCaller: 0x600000760ac0>",
	    "<IASUPCaller: 0x600000760af0>",
	    "<IASUPCaller: 0x600000760b10>"
	)
May  9 13:29:30 MacBook-Air loginwindow[169]: client 0x600001054e00: phaseName = "IOKit Boot", registering connection
May  9 13:29:30 MacBook-Air loginwindow[169]: client 0x600001054e00: phaseName = "IOKit Boot" was created
May  9 13:29:30 MacBook-Air loginwindow[169]: client 0x600001054e00: phaseName = "IOKit Boot", show progress UI called
May  9 13:29:30 MacBook-Air loginwindow[169]: ISAP: Show progress UI called
May  9 13:29:30 MacBook-Air loginwindow[169]: client 0x600001054e00: phaseName = "IOKit Boot" is done
May  9 13:29:30 MacBook-Air loginwindow[169]: ISAP: Done with Phase "IOKit Boot"
May  9 13:29:30 MacBook-Air loginwindow[169]: client 0x600001054e00: phaseName = "IOKit Boot" is being released
May  9 13:29:30 MacBook-Air loginwindow[169]: Releasing Connection
May  9 13:29:30 MacBook-Air loginwindow[169]: client 0x600001054c80: handler = 0x600000b42e80
May  9 13:29:32 MacBook-Air loginwindow[169]: client 0x600001054c80: phaseName = "loginwindow Boot" is done
May  9 13:29:32 MacBook-Air loginwindow[169]: ISAP: Done with Phase "loginwindow Boot"
May  9 13:29:33 MacBook-Air loginwindow[169]: Calling completion handler for 0x600001054c80
May  9 13:29:33 MacBook-Air loginwindow[169]: client 0x600001054c80: phaseName = "loginwindow Boot" is already done
May  9 13:29:33 MacBook-Air loginwindow[169]: client 0x600001054c80: phaseName = "loginwindow Boot", hide progress UI called
May  9 13:29:33 MacBook-Air loginwindow[169]: ISAP: hide progress UI called
May  9 13:29:33 MacBook-Air loginwindow[169]: client 0x600001054c80: phaseName = "loginwindow Boot" is being released
May  9 13:29:33 MacBook-Air loginwindow[169]: Releasing Connection
May  9 13:29:38 macbook-air loginwindow[169]: The connection was interrupted, calling interruption handlers
May  9 13:29:38 macbook-air loginwindow[169]: USER_PROCESS: 169 console
May  9 13:29:39 macbook-air AMPDeviceDiscoveryAgent[452]: tid:1703 - This is here just to make sure we empty our found devices queue
May  9 13:29:39 macbook-air AMPDeviceDiscoveryAgent[452]: tid:1703 - (null)
May  9 13:29:39 macbook-air AMPDeviceDiscoveryAgent[452]: tid:1703 - Failed to subscribe for booted OS device notifications.
May  9 13:29:39 macbook-air AMPDeviceDiscoveryAgent[452]: tid:103 - (null)
May  9 13:30:29 macbook-air loginwindow[169]: There is still an active connection
May  9 13:31:01 --- last message repeated 1 time ---
May  9 13:40:22 macbook-air syslogd[134]: ASL Sender Statistics
May  9 13:49:04 macbook-air sessionlogoutd[2235]: DEAD_PROCESS: 169 console
May  9 13:49:04 macbook-air shutdown[2239]: SHUTDOWN_TIME: 1778352544 204963
May  9 13:58:03 localhost bootlog[0]: BOOT_TIME 1778353083 0
May  9 13:58:27 localhost syslogd[134]: Configuration Notice:
	ASL Module "com.apple.cdscheduler" claims selected messages.
	Those messages may not appear in standard system log files or in the ASL database.
May  9 13:58:27 localhost syslogd[134]: Configuration Notice:
	ASL Module "com.apple.install" claims selected messages.
	Those messages may not appear in standard system log files or in the ASL database.
May  9 13:58:27 localhost syslogd[134]: Configuration Notice:
	ASL Module "com.apple.authd" sharing output destination "/var/log/asl" with ASL Module "com.apple.asl".
	Output parameters from ASL Module "com.apple.asl" override any specified in ASL Module "com.apple.authd".
May  9 13:58:27 localhost syslogd[134]: Configuration Notice:
	ASL Module "com.apple.authd" sharing output destination "/var/log/system.log" with ASL Module "com.apple.asl".
	Output parameters from ASL Module "com.apple.asl" override any specified in ASL Module "com.apple.authd".
May  9 13:58:27 localhost syslogd[134]: Configuration Notice:
	ASL Module "com.apple.authd" claims selected messages.
	Those messages may not appear in standard system log files or in the ASL database.
May  9 13:58:27 localhost syslogd[134]: Configuration Notice:
	ASL Module "com.apple.eventmonitor" claims selected messages.
	Those messages may not appear in standard system log files or in the ASL database.
May  9 13:58:27 localhost syslogd[134]: Configuration Notice:
	ASL Module "com.apple.mail" claims selected messages.
	Those messages may not appear in standard system log files or in the ASL database.
May  9 13:58:27 localhost syslogd[134]: Configuration Notice:
	ASL Module "com.apple.performance" claims selected messages.
	Those messages may not appear in standard system log files or in the ASL database.
May  9 13:58:27 localhost syslogd[134]: Configuration Notice:
	ASL Module "com.apple.iokit.power" claims selected messages.
	Those messages may not appear in standard system log files or in the ASL database.
May  9 13:58:27 localhost syslogd[134]: Configuration Notice:
	ASL Module "com.apple.contacts.ContactsAutocomplete" claims selected messages.
	Those messages may not appear in standard system log files or in the ASL database.
May  9 13:58:27 localhost syslogd[134]: Configuration Notice:
	ASL Module "com.apple.mkb" sharing output destination "/private/var/log/keybagd.log" with ASL Module "com.apple.mkb.internal".
	Output parameters from ASL Module "com.apple.mkb.internal" override any specified in ASL Module "com.apple.mkb".
May  9 13:58:27 localhost syslogd[134]: Configuration Notice:
	ASL Module "com.apple.mkb" claims selected messages.
	Those messages may not appear in standard system log files or in the ASL database.
May  9 13:58:27 localhost syslogd[134]: Configuration Notice:
	ASL Module "com.apple.MessageTracer" claims selected messages.
	Those messages may not appear in standard system log files or in the ASL database.
May  9 13:58:27 localhost syslogd[134]: ASL Sender Statistics
May  9 13:58:55 MacBook-Air loginwindow[170]: Clearing phase info
May  9 13:58:55 MacBook-Air loginwindow[170]: calling progress app remoteObjectProxy
May  9 13:58:55 MacBook-Air loginwindow[170]: Creating connection
May  9 13:58:55 MacBook-Air loginwindow[170]: Connection = 0x600003228640, callers = (
	    "<IASUPCaller: 0x600000100720>"
	)
May  9 13:58:55 MacBook-Air loginwindow[170]: version = 2
May  9 13:58:55 MacBook-Air loginwindow[170]: isModernOS = 1
May  9 13:58:55 MacBook-Air loginwindow[170]: Add phase named "IOKit Boot", progress 1.000000, delayInSeconds 0
May  9 13:58:55 MacBook-Air loginwindow[170]: Add phase named "loginwindow Boot", progress 99.000000, delayInSeconds -1
May  9 13:58:55 MacBook-Air loginwindow[170]: Connection = 0x600003228640, callers = (
	    "<IASUPCaller: 0x600000100720>",
	    "<IASUPCaller: 0x6000001288e0>"
	)
May  9 13:58:55 MacBook-Air loginwindow[170]: client 0x600001627840: phaseName = "loginwindow Boot", registering connection
May  9 13:58:55 MacBook-Air loginwindow[170]: client 0x600001627840: phaseName = "loginwindow Boot" was created
May  9 13:58:55 MacBook-Air loginwindow[170]: Connection = 0x600003228640, callers = (
	    "<IASUPCaller: 0x600000100720>",
	    "<IASUPCaller: 0x6000001288e0>",
	    "<IASUPCaller: 0x600000128110>"
	)
May  9 13:58:55 MacBook-Air loginwindow[170]: client 0x6000016276c0: phaseName = "IOKit Boot", registering connection
May  9 13:58:55 MacBook-Air loginwindow[170]: client 0x6000016276c0: phaseName = "IOKit Boot" was created
May  9 13:58:55 MacBook-Air loginwindow[170]: client 0x6000016276c0: phaseName = "IOKit Boot", show progress UI called
May  9 13:58:55 MacBook-Air loginwindow[170]: ISAP: Show progress UI called
May  9 13:58:55 MacBook-Air loginwindow[170]: client 0x6000016276c0: phaseName = "IOKit Boot" is done
May  9 13:58:55 MacBook-Air loginwindow[170]: ISAP: Done with Phase "IOKit Boot"
May  9 13:58:55 MacBook-Air loginwindow[170]: client 0x6000016276c0: phaseName = "IOKit Boot" is being released
May  9 13:58:55 MacBook-Air loginwindow[170]: Releasing Connection
May  9 13:58:55 MacBook-Air loginwindow[170]: client 0x600001627840: handler = 0x600000d14ed0
May  9 13:58:56 MacBook-Air loginwindow[170]: client 0x600001627840: phaseName = "loginwindow Boot" is done
May  9 13:58:56 MacBook-Air loginwindow[170]: ISAP: Done with Phase "loginwindow Boot"
May  9 13:58:57 MacBook-Air loginwindow[170]: Calling completion handler for 0x600001627840
May  9 13:58:57 MacBook-Air loginwindow[170]: client 0x600001627840: phaseName = "loginwindow Boot" is already done
May  9 13:58:57 MacBook-Air loginwindow[170]: client 0x600001627840: phaseName = "loginwindow Boot", hide progress UI called
May  9 13:58:57 MacBook-Air loginwindow[170]: ISAP: hide progress UI called
May  9 13:58:57 MacBook-Air loginwindow[170]: client 0x600001627840: phaseName = "loginwindow Boot" is being released
May  9 13:58:57 MacBook-Air loginwindow[170]: Releasing Connection
May  9 13:59:05 macbook-air loginwindow[170]: USER_PROCESS: 170 console
May  9 13:59:05 macbook-air loginwindow[170]: The connection was interrupted, calling interruption handlers
May  9 13:59:06 macbook-air AMPDeviceDiscoveryAgent[432]: tid:1703 - This is here just to make sure we empty our found devices queue
May  9 13:59:06 macbook-air AMPDeviceDiscoveryAgent[432]: tid:1703 - (null)
May  9 13:59:06 macbook-air AMPDeviceDiscoveryAgent[432]: tid:1703 - Failed to subscribe for booted OS device notifications.
May  9 13:59:06 macbook-air AMPDeviceDiscoveryAgent[432]: tid:103 - (null)
May  9 13:59:58 macbook-air loginwindow[170]: There is still an active connection
May  9 14:00:30 --- last message repeated 1 time ---
May  9 14:13:20 macbook-air syslogd[134]: ASL Sender Statistics
May  9 14:22:40 macbook-air sessionlogoutd[1820]: DEAD_PROCESS: 170 console
May  9 14:22:40 macbook-air shutdown[1824]: SHUTDOWN_TIME: 1778354560 586686
May  9 14:33:21 localhost bootlog[0]: BOOT_TIME 1778355201 0
May  9 14:33:43 localhost syslogd[134]: Configuration Notice:
	ASL Module "com.apple.cdscheduler" claims selected messages.
	Those messages may not appear in standard system log files or in the ASL database.
May  9 14:33:43 localhost syslogd[134]: Configuration Notice:
	ASL Module "com.apple.install" claims selected messages.
	Those messages may not appear in standard system log files or in the ASL database.
May  9 14:33:43 localhost syslogd[134]: Configuration Notice:
	ASL Module "com.apple.authd" sharing output destination "/var/log/asl" with ASL Module "com.apple.asl".
	Output parameters from ASL Module "com.apple.asl" override any specified in ASL Module "com.apple.authd".
May  9 14:33:43 localhost syslogd[134]: Configuration Notice:
	ASL Module "com.apple.authd" sharing output destination "/var/log/system.log" with ASL Module "com.apple.asl".
	Output parameters from ASL Module "com.apple.asl" override any specified in ASL Module "com.apple.authd".
May  9 14:33:43 localhost syslogd[134]: Configuration Notice:
	ASL Module "com.apple.authd" claims selected messages.
	Those messages may not appear in standard system log files or in the ASL database.
May  9 14:33:43 localhost syslogd[134]: Configuration Notice:
	ASL Module "com.apple.eventmonitor" claims selected messages.
	Those messages may not appear in standard system log files or in the ASL database.
May  9 14:33:43 localhost syslogd[134]: Configuration Notice:
	ASL Module "com.apple.mail" claims selected messages.
	Those messages may not appear in standard system log files or in the ASL database.
May  9 14:33:43 localhost syslogd[134]: Configuration Notice:
	ASL Module "com.apple.performance" claims selected messages.
	Those messages may not appear in standard system log files or in the ASL database.
May  9 14:33:43 localhost syslogd[134]: Configuration Notice:
	ASL Module "com.apple.iokit.power" claims selected messages.
	Those messages may not appear in standard system log files or in the ASL database.
May  9 14:33:43 localhost syslogd[134]: Configuration Notice:
	ASL Module "com.apple.contacts.ContactsAutocomplete" claims selected messages.
	Those messages may not appear in standard system log files or in the ASL database.
May  9 14:33:43 localhost syslogd[134]: Configuration Notice:
	ASL Module "com.apple.mkb" sharing output destination "/private/var/log/keybagd.log" with ASL Module "com.apple.mkb.internal".
	Output parameters from ASL Module "com.apple.mkb.internal" override any specified in ASL Module "com.apple.mkb".
May  9 14:33:43 localhost syslogd[134]: Configuration Notice:
	ASL Module "com.apple.mkb" claims selected messages.
	Those messages may not appear in standard system log files or in the ASL database.
May  9 14:33:43 localhost syslogd[134]: Configuration Notice:
	ASL Module "com.apple.MessageTracer" claims selected messages.
	Those messages may not appear in standard system log files or in the ASL database.
May  9 14:33:43 localhost syslogd[134]: ASL Sender Statistics
May  9 14:34:14 MacBook-Air loginwindow[169]: Clearing phase info
May  9 14:34:14 MacBook-Air loginwindow[169]: calling progress app remoteObjectProxy
May  9 14:34:14 MacBook-Air loginwindow[169]: Creating connection
May  9 14:34:14 MacBook-Air loginwindow[169]: Connection = 0x60000252c3c0, callers = (
	    "<IASUPCaller: 0x600001620e30>"
	)
May  9 14:34:14 MacBook-Air loginwindow[169]: version = 2
May  9 14:34:14 MacBook-Air loginwindow[169]: isModernOS = 1
May  9 14:34:14 MacBook-Air loginwindow[169]: Add phase named "IOKit Boot", progress 1.000000, delayInSeconds 0
May  9 14:34:14 MacBook-Air loginwindow[169]: Add phase named "loginwindow Boot", progress 99.000000, delayInSeconds -1
May  9 14:34:14 MacBook-Air loginwindow[169]: Connection = 0x60000252c3c0, callers = (
	    "<IASUPCaller: 0x600001620e30>",
	    "<IASUPCaller: 0x600001620e60>"
	)
May  9 14:34:14 MacBook-Air loginwindow[169]: client 0x600000100d00: phaseName = "loginwindow Boot", registering connection
May  9 14:34:14 MacBook-Air loginwindow[169]: client 0x600000100d00: phaseName = "loginwindow Boot" was created
May  9 14:34:14 MacBook-Air loginwindow[169]: Connection = 0x60000252c3c0, callers = (
	    "<IASUPCaller: 0x600001620e30>",
	    "<IASUPCaller: 0x600001620e60>",
	    "<IASUPCaller: 0x600001620e80>"
	)
May  9 14:34:14 MacBook-Air loginwindow[169]: client 0x600000100b40: phaseName = "IOKit Boot", registering connection
May  9 14:34:14 MacBook-Air loginwindow[169]: client 0x600000100b40: phaseName = "IOKit Boot" was created
May  9 14:34:14 MacBook-Air loginwindow[169]: client 0x600000100b40: phaseName = "IOKit Boot", show progress UI called
May  9 14:34:14 MacBook-Air loginwindow[169]: ISAP: Show progress UI called
May  9 14:34:14 MacBook-Air loginwindow[169]: client 0x600000100b40: phaseName = "IOKit Boot" is done
May  9 14:34:14 MacBook-Air loginwindow[169]: ISAP: Done with Phase "IOKit Boot"
May  9 14:34:14 MacBook-Air loginwindow[169]: client 0x600000100b40: phaseName = "IOKit Boot" is being released
May  9 14:34:14 MacBook-Air loginwindow[169]: Releasing Connection
May  9 14:34:14 MacBook-Air loginwindow[169]: client 0x600000100d00: handler = 0x600001a04090
May  9 14:34:15 MacBook-Air loginwindow[169]: client 0x600000100d00: phaseName = "loginwindow Boot" is done
May  9 14:34:15 MacBook-Air loginwindow[169]: ISAP: Done with Phase "loginwindow Boot"
May  9 14:34:16 MacBook-Air loginwindow[169]: Calling completion handler for 0x600000100d00
May  9 14:34:16 MacBook-Air loginwindow[169]: client 0x600000100d00: phaseName = "loginwindow Boot" is already done
May  9 14:34:16 MacBook-Air loginwindow[169]: client 0x600000100d00: phaseName = "loginwindow Boot", hide progress UI called
May  9 14:34:16 MacBook-Air loginwindow[169]: ISAP: hide progress UI called
May  9 14:34:16 MacBook-Air loginwindow[169]: client 0x600000100d00: phaseName = "loginwindow Boot" is being released
May  9 14:34:16 MacBook-Air loginwindow[169]: Releasing Connection
May  9 14:34:19 macbook-air loginwindow[169]: The connection was interrupted, calling interruption handlers
May  9 14:35:12 macbook-air loginwindow[169]: There is still an active connection
May  9 14:35:37 --- last message repeated 1 time ---
May  9 14:35:37 macbook-air loginwindow[169]: USER_PROCESS: 169 console
May  9 14:35:38 macbook-air AMPDeviceDiscoveryAgent[470]: tid:1103 - This is here just to make sure we empty our found devices queue
May  9 14:35:38 macbook-air AMPDeviceDiscoveryAgent[470]: tid:1103 - (null)
May  9 14:35:38 macbook-air AMPDeviceDiscoveryAgent[470]: tid:1103 - Failed to subscribe for booted OS device notifications.
May  9 14:35:39 macbook-air AMPDeviceDiscoveryAgent[470]: tid:103 - (null)
May  9 14:43:49 macbook-air syslogd[134]: ASL Sender Statistics
May 10 06:57:35 localhost bootlog[0]: BOOT_TIME 1778414255 0
May 10 06:58:03 localhost syslogd[134]: Configuration Notice:
	ASL Module "com.apple.cdscheduler" claims selected messages.
	Those messages may not appear in standard system log files or in the ASL database.
May 10 06:58:03 localhost syslogd[134]: Configuration Notice:
	ASL Module "com.apple.install" claims selected messages.
	Those messages may not appear in standard system log files or in the ASL database.
May 10 06:58:03 localhost syslogd[134]: Configuration Notice:
	ASL Module "com.apple.authd" sharing output destination "/var/log/asl" with ASL Module "com.apple.asl".
	Output parameters from ASL Module "com.apple.asl" override any specified in ASL Module "com.apple.authd".
May 10 06:58:03 localhost syslogd[134]: Configuration Notice:
	ASL Module "com.apple.authd" sharing output destination "/var/log/system.log" with ASL Module "com.apple.asl".
	Output parameters from ASL Module "com.apple.asl" override any specified in ASL Module "com.apple.authd".
May 10 06:58:03 localhost syslogd[134]: Configuration Notice:
	ASL Module "com.apple.authd" claims selected messages.
	Those messages may not appear in standard system log files or in the ASL database.
May 10 06:58:03 localhost syslogd[134]: Configuration Notice:
	ASL Module "com.apple.eventmonitor" claims selected messages.
	Those messages may not appear in standard system log files or in the ASL database.
May 10 06:58:03 localhost syslogd[134]: Configuration Notice:
	ASL Module "com.apple.mail" claims selected messages.
	Those messages may not appear in standard system log files or in the ASL database.
May 10 06:58:03 localhost syslogd[134]: Configuration Notice:
	ASL Module "com.apple.performance" claims selected messages.
	Those messages may not appear in standard system log files or in the ASL database.
May 10 06:58:03 localhost syslogd[134]: Configuration Notice:
	ASL Module "com.apple.iokit.power" claims selected messages.
	Those messages may not appear in standard system log files or in the ASL database.
May 10 06:58:03 localhost syslogd[134]: Configuration Notice:
	ASL Module "com.apple.contacts.ContactsAutocomplete" claims selected messages.
	Those messages may not appear in standard system log files or in the ASL database.
May 10 06:58:03 localhost syslogd[134]: Configuration Notice:
	ASL Module "com.apple.mkb" sharing output destination "/private/var/log/keybagd.log" with ASL Module "com.apple.mkb.internal".
	Output parameters from ASL Module "com.apple.mkb.internal" override any specified in ASL Module "com.apple.mkb".
May 10 06:58:03 localhost syslogd[134]: Configuration Notice:
	ASL Module "com.apple.mkb" claims selected messages.
	Those messages may not appear in standard system log files or in the ASL database.
May 10 06:58:03 localhost syslogd[134]: Configuration Notice:
	ASL Module "com.apple.MessageTracer" claims selected messages.
	Those messages may not appear in standard system log files or in the ASL database.
May 10 06:58:03 localhost syslogd[134]: ASL Sender Statistics
May 10 06:58:31 MacBook-Air loginwindow[170]: Clearing phase info
May 10 06:58:31 MacBook-Air loginwindow[170]: calling progress app remoteObjectProxy
May 10 06:58:31 MacBook-Air loginwindow[170]: Creating connection
May 10 06:58:31 MacBook-Air loginwindow[170]: Connection = 0x6000011dc3c0, callers = (
	    "<IASUPCaller: 0x6000022d48e0>"
	)
May 10 06:58:31 MacBook-Air loginwindow[170]: version = 2
May 10 06:58:31 MacBook-Air loginwindow[170]: isModernOS = 1
May 10 06:58:31 MacBook-Air loginwindow[170]: Add phase named "IOKit Boot", progress 1.000000, delayInSeconds 0
May 10 06:58:31 MacBook-Air loginwindow[170]: Add phase named "loginwindow Boot", progress 99.000000, delayInSeconds -1
May 10 06:58:31 MacBook-Air loginwindow[170]: Connection = 0x6000011dc3c0, callers = (
	    "<IASUPCaller: 0x6000022d48e0>",
	    "<IASUPCaller: 0x6000022c87b0>"
	)
May 10 06:58:31 MacBook-Air loginwindow[170]: client 0x6000035e27c0: phaseName = "loginwindow Boot", registering connection
May 10 06:58:31 MacBook-Air loginwindow[170]: client 0x6000035e27c0: phaseName = "loginwindow Boot" was created
May 10 06:58:31 MacBook-Air loginwindow[170]: Connection = 0x6000011dc3c0, callers = (
	    "<IASUPCaller: 0x6000022d48e0>",
	    "<IASUPCaller: 0x6000022c87b0>",
	    "<IASUPCaller: 0x6000022c83f0>"
	)
May 10 06:58:31 MacBook-Air loginwindow[170]: client 0x6000035e2940: phaseName = "IOKit Boot", registering connection
May 10 06:58:31 MacBook-Air loginwindow[170]: client 0x6000035e2940: phaseName = "IOKit Boot" was created
May 10 06:58:31 MacBook-Air loginwindow[170]: client 0x6000035e2940: phaseName = "IOKit Boot", show progress UI called
May 10 06:58:31 MacBook-Air loginwindow[170]: ISAP: Show progress UI called
May 10 06:58:31 MacBook-Air loginwindow[170]: client 0x6000035e2940: phaseName = "IOKit Boot" is done
May 10 06:58:31 MacBook-Air loginwindow[170]: ISAP: Done with Phase "IOKit Boot"
May 10 06:58:31 MacBook-Air loginwindow[170]: client 0x6000035e2940: phaseName = "IOKit Boot" is being released
May 10 06:58:31 MacBook-Air loginwindow[170]: Releasing Connection
May 10 06:58:31 MacBook-Air loginwindow[170]: client 0x6000035e27c0: handler = 0x600002edeb50
May 10 06:58:33 MacBook-Air loginwindow[170]: client 0x6000035e27c0: phaseName = "loginwindow Boot" is done
May 10 06:58:33 MacBook-Air loginwindow[170]: ISAP: Done with Phase "loginwindow Boot"
May 10 06:58:33 MacBook-Air loginwindow[170]: Calling completion handler for 0x6000035e27c0
May 10 06:58:33 MacBook-Air loginwindow[170]: client 0x6000035e27c0: phaseName = "loginwindow Boot" is already done
May 10 06:58:33 MacBook-Air loginwindow[170]: client 0x6000035e27c0: phaseName = "loginwindow Boot", hide progress UI called
May 10 06:58:33 MacBook-Air loginwindow[170]: ISAP: hide progress UI called
May 10 06:58:33 MacBook-Air loginwindow[170]: client 0x6000035e27c0: phaseName = "loginwindow Boot" is being released
May 10 06:58:33 MacBook-Air loginwindow[170]: Releasing Connection
May 10 06:58:38 MacBook-Air loginwindow[170]: The connection was interrupted, calling interruption handlers
May 10 06:58:40 MacBook-Air loginwindow[170]: USER_PROCESS: 170 console
May 10 11:58:41 macbook-air syslogd[134]: ASL Sender Statistics
May 10 11:58:41 macbook-air AMPDeviceDiscoveryAgent[464]: tid:1503 - This is here just to make sure we empty our found devices queue
May 10 11:58:41 macbook-air AMPDeviceDiscoveryAgent[464]: tid:1503 - (null)
May 10 11:58:41 macbook-air AMPDeviceDiscoveryAgent[464]: tid:1503 - Failed to subscribe for booted OS device notifications.
May 10 11:58:42 macbook-air AMPDeviceDiscoveryAgent[464]: tid:103 - (null)
May 10 11:59:31 macbook-air loginwindow[170]: There is still an active connection
May 10 12:00:03 --- last message repeated 1 time ---
May 10 12:08:51 macbook-air syslogd[134]: ASL Sender Statistics
May 10 12:22:23 macbook-air syslogd[134]: ASL Sender Statistics
May 10 12:32:55 macbook-air syslogd[134]: ASL Sender Statistics
May 10 12:35:45 macbook-air sessionlogoutd[3042]: DEAD_PROCESS: 170 console
May 10 12:35:45 macbook-air shutdown[3045]: SHUTDOWN_TIME: 1778434545 415140
May 10 12:37:04 localhost bootlog[0]: BOOT_TIME 1778434624 0
May 10 12:37:29 localhost syslogd[134]: Configuration Notice:
	ASL Module "com.apple.cdscheduler" claims selected messages.
	Those messages may not appear in standard system log files or in the ASL database.
May 10 12:37:29 localhost syslogd[134]: Configuration Notice:
	ASL Module "com.apple.install" claims selected messages.
	Those messages may not appear in standard system log files or in the ASL database.
May 10 12:37:29 localhost syslogd[134]: Configuration Notice:
	ASL Module "com.apple.authd" sharing output destination "/var/log/asl" with ASL Module "com.apple.asl".
	Output parameters from ASL Module "com.apple.asl" override any specified in ASL Module "com.apple.authd".
May 10 12:37:29 localhost syslogd[134]: Configuration Notice:
	ASL Module "com.apple.authd" sharing output destination "/var/log/system.log" with ASL Module "com.apple.asl".
	Output parameters from ASL Module "com.apple.asl" override any specified in ASL Module "com.apple.authd".
May 10 12:37:29 localhost syslogd[134]: Configuration Notice:
	ASL Module "com.apple.authd" claims selected messages.
	Those messages may not appear in standard system log files or in the ASL database.
May 10 12:37:29 localhost syslogd[134]: Configuration Notice:
	ASL Module "com.apple.eventmonitor" claims selected messages.
	Those messages may not appear in standard system log files or in the ASL database.
May 10 12:37:29 localhost syslogd[134]: Configuration Notice:
	ASL Module "com.apple.mail" claims selected messages.
	Those messages may not appear in standard system log files or in the ASL database.
May 10 12:37:29 localhost syslogd[134]: Configuration Notice:
	ASL Module "com.apple.performance" claims selected messages.
	Those messages may not appear in standard system log files or in the ASL database.
May 10 12:37:29 localhost syslogd[134]: Configuration Notice:
	ASL Module "com.apple.iokit.power" claims selected messages.
	Those messages may not appear in standard system log files or in the ASL database.
May 10 12:37:29 localhost syslogd[134]: Configuration Notice:
	ASL Module "com.apple.contacts.ContactsAutocomplete" claims selected messages.
	Those messages may not appear in standard system log files or in the ASL database.
May 10 12:37:29 localhost syslogd[134]: Configuration Notice:
	ASL Module "com.apple.mkb" sharing output destination "/private/var/log/keybagd.log" with ASL Module "com.apple.mkb.internal".
	Output parameters from ASL Module "com.apple.mkb.internal" override any specified in ASL Module "com.apple.mkb".
May 10 12:37:29 localhost syslogd[134]: Configuration Notice:
	ASL Module "com.apple.mkb" claims selected messages.
	Those messages may not appear in standard system log files or in the ASL database.
May 10 12:37:29 localhost syslogd[134]: Configuration Notice:
	ASL Module "com.apple.MessageTracer" claims selected messages.
	Those messages may not appear in standard system log files or in the ASL database.
May 10 12:37:29 localhost syslogd[134]: ASL Sender Statistics
May 10 12:37:57 MacBook-Air loginwindow[170]: Clearing phase info
May 10 12:37:57 MacBook-Air loginwindow[170]: calling progress app remoteObjectProxy
May 10 12:37:57 MacBook-Air loginwindow[170]: Creating connection
May 10 12:37:57 MacBook-Air loginwindow[170]: Connection = 0x600001c706e0, callers = (
	    "<IASUPCaller: 0x600002f6c6f0>"
	)
May 10 12:37:57 MacBook-Air loginwindow[170]: version = 2
May 10 12:37:57 MacBook-Air loginwindow[170]: isModernOS = 1
May 10 12:37:57 MacBook-Air loginwindow[170]: Add phase named "IOKit Boot", progress 1.000000, delayInSeconds 0
May 10 12:37:57 MacBook-Air loginwindow[170]: Add phase named "loginwindow Boot", progress 99.000000, delayInSeconds -1
May 10 12:37:57 MacBook-Air loginwindow[170]: Connection = 0x600001c706e0, callers = (
	    "<IASUPCaller: 0x600002f6c6f0>",
	    "<IASUPCaller: 0x600002f687c0>"
	)
May 10 12:37:57 MacBook-Air loginwindow[170]: client 0x600003841140: phaseName = "loginwindow Boot", registering connection
May 10 12:37:57 MacBook-Air loginwindow[170]: client 0x600003841140: phaseName = "loginwindow Boot" was created
May 10 12:37:57 MacBook-Air loginwindow[170]: Connection = 0x600001c706e0, callers = (
	    "<IASUPCaller: 0x600002f6c6f0>",
	    "<IASUPCaller: 0x600002f687c0>",
	    "<IASUPCaller: 0x600002f68560>"
	)
May 10 12:37:57 MacBook-Air loginwindow[170]: client 0x600003841500: phaseName = "IOKit Boot", registering connection
May 10 12:37:57 MacBook-Air loginwindow[170]: client 0x600003841500: phaseName = "IOKit Boot" was created
May 10 12:37:57 MacBook-Air loginwindow[170]: client 0x600003841500: phaseName = "IOKit Boot", show progress UI called
May 10 12:37:57 MacBook-Air loginwindow[170]: ISAP: Show progress UI called
May 10 12:37:57 MacBook-Air loginwindow[170]: client 0x600003841500: phaseName = "IOKit Boot" is done
May 10 12:37:57 MacBook-Air loginwindow[170]: ISAP: Done with Phase "IOKit Boot"
May 10 12:37:57 MacBook-Air loginwindow[170]: client 0x600003841500: phaseName = "IOKit Boot" is being released
May 10 12:37:57 MacBook-Air loginwindow[170]: Releasing Connection
May 10 12:37:57 MacBook-Air loginwindow[170]: client 0x600003841140: handler = 0x6000023585d0
May 10 12:37:58 MacBook-Air loginwindow[170]: client 0x600003841140: phaseName = "loginwindow Boot" is done
May 10 12:37:58 MacBook-Air loginwindow[170]: ISAP: Done with Phase "loginwindow Boot"
May 10 12:37:59 MacBook-Air loginwindow[170]: Calling completion handler for 0x600003841140
May 10 12:37:59 MacBook-Air loginwindow[170]: client 0x600003841140: phaseName = "loginwindow Boot" is already done
May 10 12:37:59 MacBook-Air loginwindow[170]: client 0x600003841140: phaseName = "loginwindow Boot", hide progress UI called
May 10 12:37:59 MacBook-Air loginwindow[170]: ISAP: hide progress UI called
May 10 12:37:59 MacBook-Air loginwindow[170]: client 0x600003841140: phaseName = "loginwindow Boot" is being released
May 10 12:37:59 MacBook-Air loginwindow[170]: Releasing Connection
May 10 12:38:04 macbook-air loginwindow[170]: USER_PROCESS: 170 console
May 10 12:38:04 macbook-air loginwindow[170]: The connection was interrupted, calling interruption handlers
May 10 12:38:05 macbook-air AMPDeviceDiscoveryAgent[451]: tid:1903 - This is here just to make sure we empty our found devices queue
May 10 12:38:05 macbook-air AMPDeviceDiscoveryAgent[451]: tid:1903 - (null)
May 10 12:38:05 macbook-air AMPDeviceDiscoveryAgent[451]: tid:1903 - Failed to subscribe for booted OS device notifications.
May 10 12:38:05 macbook-air AMPDeviceDiscoveryAgent[451]: tid:103 - (null)
May 10 12:38:57 macbook-air loginwindow[170]: There is still an active connection
May 10 12:39:29 --- last message repeated 1 time ---
May 10 12:49:59 macbook-air syslogd[134]: ASL Sender Statistics
May 10 13:00:59 macbook-air syslogd[134]: ASL Sender Statistics
May 10 13:12:06 macbook-air syslogd[134]: ASL Sender Statistics
May 10 13:23:20 macbook-air syslogd[134]: ASL Sender Statistics
May 10 13:36:21 macbook-air syslogd[134]: ASL Sender Statistics
May 10 13:48:12 macbook-air syslogd[134]: ASL Sender Statistics
May 10 13:51:24 macbook-air login[57828]: USER_PROCESS: 57828 ttys000
May 10 13:59:45 macbook-air syslogd[134]: ASL Sender Statistics
May 10 14:10:32 macbook-air syslogd[134]: ASL Sender Statistics
May 10 14:22:55 macbook-air syslogd[134]: ASL Sender Statistics
May 10 14:32:57 macbook-air syslogd[134]: ASL Sender Statistics
May 10 14:43:00 macbook-air syslogd[134]: ASL Sender Statistics
May 10 14:53:00 macbook-air syslogd[134]: ASL Sender Statistics
May 10 15:03:00 macbook-air syslogd[134]: ASL Sender Statistics
May 10 15:27:14 macbook-air syslogd[134]: ASL Sender Statistics
May 10 15:42:14 macbook-air syslogd[134]: ASL Sender Statistics
May 10 15:57:14 macbook-air syslogd[134]: ASL Sender Statistics
May 10 16:08:17 macbook-air syslogd[134]: ASL Sender Statistics
May 10 16:27:14 macbook-air syslogd[134]: ASL Sender Statistics
May 10 16:37:27 macbook-air syslogd[134]: ASL Sender Statistics
May 10 16:48:37 macbook-air syslogd[134]: ASL Sender Statistics
May 10 17:08:17 macbook-air syslogd[134]: ASL Sender Statistics
May 10 17:24:07 macbook-air syslogd[134]: ASL Sender Statistics
May 10 17:36:08 macbook-air syslogd[134]: ASL Sender Statistics
May 10 17:46:08 macbook-air syslogd[134]: ASL Sender Statistics
May 10 18:06:38 macbook-air syslogd[134]: ASL Sender Statistics
May 10 18:21:38 macbook-air syslogd[134]: ASL Sender Statistics
May 10 18:36:38 macbook-air syslogd[134]: ASL Sender Statistics
May 10 18:51:38 macbook-air syslogd[134]: ASL Sender Statistics
May 10 19:06:38 macbook-air syslogd[134]: ASL Sender Statistics
May 10 19:21:38 macbook-air syslogd[134]: ASL Sender Statistics
May 10 19:36:38 macbook-air syslogd[134]: ASL Sender Statistics
May 10 19:51:38 macbook-air syslogd[134]: ASL Sender Statistics
May 10 19:54:25 macbook-air login[57828]: DEAD_PROCESS: 57828 ttys000
May 10 19:54:27 macbook-air sessionlogoutd[88156]: DEAD_PROCESS: 170 console
May 10 19:54:27 macbook-air shutdown[88158]: SHUTDOWN_TIME: 1778460867 317478
May 10 19:55:14 localhost bootlog[0]: BOOT_TIME 1778460914 0
May 10 19:55:40 localhost syslogd[134]: Configuration Notice:
	ASL Module "com.apple.cdscheduler" claims selected messages.
	Those messages may not appear in standard system log files or in the ASL database.
May 10 19:55:40 localhost syslogd[134]: Configuration Notice:
	ASL Module "com.apple.install" claims selected messages.
	Those messages may not appear in standard system log files or in the ASL database.
May 10 19:55:40 localhost syslogd[134]: Configuration Notice:
	ASL Module "com.apple.authd" sharing output destination "/var/log/asl" with ASL Module "com.apple.asl".
	Output parameters from ASL Module "com.apple.asl" override any specified in ASL Module "com.apple.authd".
May 10 19:55:40 localhost syslogd[134]: Configuration Notice:
	ASL Module "com.apple.authd" sharing output destination "/var/log/system.log" with ASL Module "com.apple.asl".
	Output parameters from ASL Module "com.apple.asl" override any specified in ASL Module "com.apple.authd".
May 10 19:55:40 localhost syslogd[134]: Configuration Notice:
	ASL Module "com.apple.authd" claims selected messages.
	Those messages may not appear in standard system log files or in the ASL database.
May 10 19:55:40 localhost syslogd[134]: Configuration Notice:
	ASL Module "com.apple.eventmonitor" claims selected messages.
	Those messages may not appear in standard system log files or in the ASL database.
May 10 19:55:40 localhost syslogd[134]: Configuration Notice:
	ASL Module "com.apple.mail" claims selected messages.
	Those messages may not appear in standard system log files or in the ASL database.
May 10 19:55:40 localhost syslogd[134]: Configuration Notice:
	ASL Module "com.apple.performance" claims selected messages.
	Those messages may not appear in standard system log files or in the ASL database.
May 10 19:55:40 localhost syslogd[134]: Configuration Notice:
	ASL Module "com.apple.iokit.power" claims selected messages.
	Those messages may not appear in standard system log files or in the ASL database.
May 10 19:55:40 localhost syslogd[134]: Configuration Notice:
	ASL Module "com.apple.contacts.ContactsAutocomplete" claims selected messages.
	Those messages may not appear in standard system log files or in the ASL database.
May 10 19:55:40 localhost syslogd[134]: Configuration Notice:
	ASL Module "com.apple.mkb" sharing output destination "/private/var/log/keybagd.log" with ASL Module "com.apple.mkb.internal".
	Output parameters from ASL Module "com.apple.mkb.internal" override any specified in ASL Module "com.apple.mkb".
May 10 19:55:40 localhost syslogd[134]: Configuration Notice:
	ASL Module "com.apple.mkb" claims selected messages.
	Those messages may not appear in standard system log files or in the ASL database.
May 10 19:55:40 localhost syslogd[134]: Configuration Notice:
	ASL Module "com.apple.MessageTracer" claims selected messages.
	Those messages may not appear in standard system log files or in the ASL database.
May 10 19:55:40 localhost syslogd[134]: ASL Sender Statistics
May 10 19:56:11 MacBook-Air loginwindow[170]: Clearing phase info
May 10 19:56:11 MacBook-Air loginwindow[170]: calling progress app remoteObjectProxy
May 10 19:56:11 MacBook-Air loginwindow[170]: Creating connection
May 10 19:56:11 MacBook-Air loginwindow[170]: Connection = 0x600003670320, callers = (
	    "<IASUPCaller: 0x60000056cb60>"
	)
May 10 19:56:11 MacBook-Air loginwindow[170]: version = 2
May 10 19:56:11 MacBook-Air loginwindow[170]: isModernOS = 1
May 10 19:56:11 MacBook-Air loginwindow[170]: Add phase named "IOKit Boot", progress 1.000000, delayInSeconds 0
May 10 19:56:11 MacBook-Air loginwindow[170]: Add phase named "loginwindow Boot", progress 99.000000, delayInSeconds -1
May 10 19:56:11 MacBook-Air loginwindow[170]: Connection = 0x600003670320, callers = (
	    "<IASUPCaller: 0x60000056cb60>",
	    "<IASUPCaller: 0x60000056cfa0>"
	)
May 10 19:56:11 MacBook-Air loginwindow[170]: client 0x60000125ae80: phaseName = "loginwindow Boot", registering connection
May 10 19:56:11 MacBook-Air loginwindow[170]: client 0x60000125ae80: phaseName = "loginwindow Boot" was created
May 10 19:56:11 MacBook-Air loginwindow[170]: Connection = 0x600003670320, callers = (
	    "<IASUPCaller: 0x60000056cb60>",
	    "<IASUPCaller: 0x60000056cfa0>",
	    "<IASUPCaller: 0x60000056cfc0>"
	)
May 10 19:56:11 MacBook-Air loginwindow[170]: client 0x60000125ac80: phaseName = "IOKit Boot", registering connection
May 10 19:56:11 MacBook-Air loginwindow[170]: client 0x60000125ac80: phaseName = "IOKit Boot" was created
May 10 19:56:11 MacBook-Air loginwindow[170]: client 0x60000125ac80: phaseName = "IOKit Boot", show progress UI called
May 10 19:56:11 MacBook-Air loginwindow[170]: ISAP: Show progress UI called
May 10 19:56:11 MacBook-Air loginwindow[170]: client 0x60000125ac80: phaseName = "IOKit Boot" is done
May 10 19:56:11 MacBook-Air loginwindow[170]: ISAP: Done with Phase "IOKit Boot"
May 10 19:56:11 MacBook-Air loginwindow[170]: client 0x60000125ac80: phaseName = "IOKit Boot" is being released
May 10 19:56:11 MacBook-Air loginwindow[170]: Releasing Connection
May 10 19:56:11 MacBook-Air loginwindow[170]: client 0x60000125ae80: handler = 0x600000958cc0
May 10 19:56:12 MacBook-Air loginwindow[170]: client 0x60000125ae80: phaseName = "loginwindow Boot" is done
May 10 19:56:12 MacBook-Air loginwindow[170]: ISAP: Done with Phase "loginwindow Boot"
May 10 19:56:13 MacBook-Air loginwindow[170]: Calling completion handler for 0x60000125ae80
May 10 19:56:13 MacBook-Air loginwindow[170]: client 0x60000125ae80: phaseName = "loginwindow Boot" is already done
May 10 19:56:13 MacBook-Air loginwindow[170]: client 0x60000125ae80: phaseName = "loginwindow Boot", hide progress UI called
May 10 19:56:13 MacBook-Air loginwindow[170]: ISAP: hide progress UI called
May 10 19:56:13 MacBook-Air loginwindow[170]: client 0x60000125ae80: phaseName = "loginwindow Boot" is being released
May 10 19:56:13 MacBook-Air loginwindow[170]: Releasing Connection
May 10 19:56:20 macbook-air loginwindow[170]: The connection was interrupted, calling interruption handlers
May 10 19:56:50 macbook-air loginwindow[170]: USER_PROCESS: 170 console
May 10 19:56:51 macbook-air AMPDeviceDiscoveryAgent[477]: tid:1a03 - This is here just to make sure we empty our found devices queue
May 10 19:56:51 macbook-air AMPDeviceDiscoveryAgent[477]: tid:1a03 - (null)
May 10 19:56:51 macbook-air AMPDeviceDiscoveryAgent[477]: tid:1a03 - Failed to subscribe for booted OS device notifications.
May 10 19:56:51 macbook-air AMPDeviceDiscoveryAgent[477]: tid:103 - (null)
May 10 19:57:12 macbook-air loginwindow[170]: There is still an active connection
May 10 19:57:45 --- last message repeated 1 time ---
May 10 20:08:15 macbook-air syslogd[134]: ASL Sender Statistics
May 10 20:23:59 macbook-air syslogd[134]: ASL Sender Statistics
May 10 21:15:40 macbook-air syslogd[134]: ASL Sender Statistics
May 10 21:25:49 macbook-air syslogd[134]: ASL Sender Statistics
May 10 21:28:38 macbook-air sessionlogoutd[2395]: DEAD_PROCESS: 170 console
May 10 21:28:38 macbook-air shutdown[2397]: SHUTDOWN_TIME: 1778466518 854213
May 10 21:29:20 localhost bootlog[0]: BOOT_TIME 1778466560 0
May 10 21:29:48 localhost syslogd[134]: Configuration Notice:
	ASL Module "com.apple.cdscheduler" claims selected messages.
	Those messages may not appear in standard system log files or in the ASL database.
May 10 21:29:48 localhost syslogd[134]: Configuration Notice:
	ASL Module "com.apple.install" claims selected messages.
	Those messages may not appear in standard system log files or in the ASL database.
May 10 21:29:48 localhost syslogd[134]: Configuration Notice:
	ASL Module "com.apple.authd" sharing output destination "/var/log/asl" with ASL Module "com.apple.asl".
	Output parameters from ASL Module "com.apple.asl" override any specified in ASL Module "com.apple.authd".
May 10 21:29:48 localhost syslogd[134]: Configuration Notice:
	ASL Module "com.apple.authd" sharing output destination "/var/log/system.log" with ASL Module "com.apple.asl".
	Output parameters from ASL Module "com.apple.asl" override any specified in ASL Module "com.apple.authd".
May 10 21:29:48 localhost syslogd[134]: Configuration Notice:
	ASL Module "com.apple.authd" claims selected messages.
	Those messages may not appear in standard system log files or in the ASL database.
May 10 21:29:48 localhost syslogd[134]: Configuration Notice:
	ASL Module "com.apple.eventmonitor" claims selected messages.
	Those messages may not appear in standard system log files or in the ASL database.
May 10 21:29:48 localhost syslogd[134]: Configuration Notice:
	ASL Module "com.apple.mail" claims selected messages.
	Those messages may not appear in standard system log files or in the ASL database.
May 10 21:29:48 localhost syslogd[134]: Configuration Notice:
	ASL Module "com.apple.performance" claims selected messages.
	Those messages may not appear in standard system log files or in the ASL database.
May 10 21:29:48 localhost syslogd[134]: Configuration Notice:
	ASL Module "com.apple.iokit.power" claims selected messages.
	Those messages may not appear in standard system log files or in the ASL database.
May 10 21:29:48 localhost syslogd[134]: Configuration Notice:
	ASL Module "com.apple.contacts.ContactsAutocomplete" claims selected messages.
	Those messages may not appear in standard system log files or in the ASL database.
May 10 21:29:48 localhost syslogd[134]: Configuration Notice:
	ASL Module "com.apple.mkb" sharing output destination "/private/var/log/keybagd.log" with ASL Module "com.apple.mkb.internal".
	Output parameters from ASL Module "com.apple.mkb.internal" override any specified in ASL Module "com.apple.mkb".
May 10 21:29:48 localhost syslogd[134]: Configuration Notice:
	ASL Module "com.apple.mkb" claims selected messages.
	Those messages may not appear in standard system log files or in the ASL database.
May 10 21:29:48 localhost syslogd[134]: Configuration Notice:
	ASL Module "com.apple.MessageTracer" claims selected messages.
	Those messages may not appear in standard system log files or in the ASL database.
May 10 21:29:48 localhost syslogd[134]: ASL Sender Statistics
May 10 21:30:18 MacBook-Air loginwindow[170]: Clearing phase info
May 10 21:30:18 MacBook-Air loginwindow[170]: calling progress app remoteObjectProxy
May 10 21:30:18 MacBook-Air loginwindow[170]: Creating connection
May 10 21:30:18 MacBook-Air loginwindow[170]: Connection = 0x600000b0d860, callers = (
	    "<IASUPCaller: 0x600003810520>"
	)
May 10 21:30:18 MacBook-Air loginwindow[170]: version = 2
May 10 21:30:18 MacBook-Air loginwindow[170]: isModernOS = 1
May 10 21:30:18 MacBook-Air loginwindow[170]: Add phase named "IOKit Boot", progress 1.000000, delayInSeconds 0
May 10 21:30:18 MacBook-Air loginwindow[170]: Add phase named "loginwindow Boot", progress 99.000000, delayInSeconds -1
May 10 21:30:18 MacBook-Air loginwindow[170]: Connection = 0x600000b0d860, callers = (
	    "<IASUPCaller: 0x600003810520>",
	    "<IASUPCaller: 0x600003810760>"
	)
May 10 21:30:18 MacBook-Air loginwindow[170]: client 0x600002f07e40: phaseName = "loginwindow Boot", registering connection
May 10 21:30:18 MacBook-Air loginwindow[170]: client 0x600002f07e40: phaseName = "loginwindow Boot" was created
May 10 21:30:18 MacBook-Air loginwindow[170]: Connection = 0x600000b0d860, callers = (
	    "<IASUPCaller: 0x600003810520>",
	    "<IASUPCaller: 0x600003810760>",
	    "<IASUPCaller: 0x600003810770>"
	)
May 10 21:30:18 MacBook-Air loginwindow[170]: client 0x600002f0a800: phaseName = "IOKit Boot", registering connection
May 10 21:30:18 MacBook-Air loginwindow[170]: client 0x600002f0a800: phaseName = "IOKit Boot" was created
May 10 21:30:18 MacBook-Air loginwindow[170]: client 0x600002f0a800: phaseName = "IOKit Boot", show progress UI called
May 10 21:30:18 MacBook-Air loginwindow[170]: ISAP: Show progress UI called
May 10 21:30:18 MacBook-Air loginwindow[170]: client 0x600002f0a800: phaseName = "IOKit Boot" is done
May 10 21:30:18 MacBook-Air loginwindow[170]: ISAP: Done with Phase "IOKit Boot"
May 10 21:30:18 MacBook-Air loginwindow[170]: client 0x600002f0a800: phaseName = "IOKit Boot" is being released
May 10 21:30:18 MacBook-Air loginwindow[170]: Releasing Connection
May 10 21:30:18 MacBook-Air loginwindow[170]: client 0x600002f07e40: handler = 0x600003424c90
May 10 21:30:19 MacBook-Air loginwindow[170]: client 0x600002f07e40: phaseName = "loginwindow Boot" is done
May 10 21:30:19 MacBook-Air loginwindow[170]: ISAP: Done with Phase "loginwindow Boot"
May 10 21:30:20 MacBook-Air loginwindow[170]: Calling completion handler for 0x600002f07e40
May 10 21:30:20 MacBook-Air loginwindow[170]: client 0x600002f07e40: phaseName = "loginwindow Boot" is already done
May 10 21:30:20 MacBook-Air loginwindow[170]: client 0x600002f07e40: phaseName = "loginwindow Boot", hide progress UI called
May 10 21:30:20 MacBook-Air loginwindow[170]: ISAP: hide progress UI called
May 10 21:30:20 MacBook-Air loginwindow[170]: client 0x600002f07e40: phaseName = "loginwindow Boot" is being released
May 10 21:30:20 MacBook-Air loginwindow[170]: Releasing Connection
May 10 21:30:25 MacBook-Air loginwindow[170]: The connection was interrupted, calling interruption handlers
May 10 21:30:33 macbook-air loginwindow[170]: USER_PROCESS: 170 console
May 10 21:30:35 macbook-air AMPDeviceDiscoveryAgent[477]: tid:1103 - This is here just to make sure we empty our found devices queue
May 10 21:30:35 macbook-air AMPDeviceDiscoveryAgent[477]: tid:1103 - (null)
May 10 21:30:35 macbook-air AMPDeviceDiscoveryAgent[477]: tid:1103 - Failed to subscribe for booted OS device notifications.
May 10 21:30:35 macbook-air AMPDeviceDiscoveryAgent[477]: tid:103 - (null)
May 10 21:31:19 macbook-air loginwindow[170]: There is still an active connection
May 10 21:31:51 --- last message repeated 1 time ---
May 10 21:44:07 macbook-air syslogd[134]: ASL Sender Statistics
May 10 21:47:31 macbook-air login[8738]: USER_PROCESS: 8738 ttys000
May 10 22:01:00 macbook-air syslogd[134]: ASL Sender Statistics
May 10 22:13:28 macbook-air syslogd[134]: ASL Sender Statistics
May 10 22:25:04 macbook-air syslogd[134]: ASL Sender Statistics
May 10 22:35:29 macbook-air syslogd[134]: ASL Sender Statistics
May 10 23:01:01 macbook-air syslogd[134]: ASL Sender Statistics
May 10 23:11:34 macbook-air syslogd[134]: ASL Sender Statistics
May 10 23:32:48 macbook-air syslogd[134]: ASL Sender Statistics
May 10 23:52:14 macbook-air syslogd[134]: ASL Sender Statistics
May 10 23:52:41 macbook-air login[8738]: DEAD_PROCESS: 8738 ttys000
May 10 23:52:42 macbook-air sessionlogoutd[11936]: DEAD_PROCESS: 170 console
May 10 23:52:42 macbook-air shutdown[11937]: SHUTDOWN_TIME: 1778475162 869823
May 11 17:59:27 localhost bootlog[0]: BOOT_TIME 1778540367 0
May 11 17:59:57 localhost syslogd[134]: Configuration Notice:
	ASL Module "com.apple.cdscheduler" claims selected messages.
	Those messages may not appear in standard system log files or in the ASL database.
May 11 17:59:57 localhost syslogd[134]: Configuration Notice:
	ASL Module "com.apple.install" claims selected messages.
	Those messages may not appear in standard system log files or in the ASL database.
May 11 17:59:57 localhost syslogd[134]: Configuration Notice:
	ASL Module "com.apple.authd" sharing output destination "/var/log/asl" with ASL Module "com.apple.asl".
	Output parameters from ASL Module "com.apple.asl" override any specified in ASL Module "com.apple.authd".
May 11 17:59:57 localhost syslogd[134]: Configuration Notice:
	ASL Module "com.apple.authd" sharing output destination "/var/log/system.log" with ASL Module "com.apple.asl".
	Output parameters from ASL Module "com.apple.asl" override any specified in ASL Module "com.apple.authd".
May 11 17:59:57 localhost syslogd[134]: Configuration Notice:
	ASL Module "com.apple.authd" claims selected messages.
	Those messages may not appear in standard system log files or in the ASL database.
May 11 17:59:57 localhost syslogd[134]: Configuration Notice:
	ASL Module "com.apple.eventmonitor" claims selected messages.
	Those messages may not appear in standard system log files or in the ASL database.
May 11 17:59:57 localhost syslogd[134]: Configuration Notice:
	ASL Module "com.apple.mail" claims selected messages.
	Those messages may not appear in standard system log files or in the ASL database.
May 11 17:59:57 localhost syslogd[134]: Configuration Notice:
	ASL Module "com.apple.performance" claims selected messages.
	Those messages may not appear in standard system log files or in the ASL database.
May 11 17:59:57 localhost syslogd[134]: Configuration Notice:
	ASL Module "com.apple.iokit.power" claims selected messages.
	Those messages may not appear in standard system log files or in the ASL database.
May 11 17:59:57 localhost syslogd[134]: Configuration Notice:
	ASL Module "com.apple.contacts.ContactsAutocomplete" claims selected messages.
	Those messages may not appear in standard system log files or in the ASL database.
May 11 17:59:57 localhost syslogd[134]: Configuration Notice:
	ASL Module "com.apple.mkb" sharing output destination "/private/var/log/keybagd.log" with ASL Module "com.apple.mkb.internal".
	Output parameters from ASL Module "com.apple.mkb.internal" override any specified in ASL Module "com.apple.mkb".
May 11 17:59:57 localhost syslogd[134]: Configuration Notice:
	ASL Module "com.apple.mkb" claims selected messages.
	Those messages may not appear in standard system log files or in the ASL database.
May 11 17:59:57 localhost syslogd[134]: Configuration Notice:
	ASL Module "com.apple.MessageTracer" claims selected messages.
	Those messages may not appear in standard system log files or in the ASL database.
May 11 17:59:57 localhost syslogd[134]: ASL Sender Statistics
May 11 18:03:38 localhost bootlog[0]: BOOT_TIME 1778540618 0
May 11 18:04:13 localhost syslogd[134]: Configuration Notice:
	ASL Module "com.apple.cdscheduler" claims selected messages.
	Those messages may not appear in standard system log files or in the ASL database.
May 11 18:04:13 localhost syslogd[134]: Configuration Notice:
	ASL Module "com.apple.install" claims selected messages.
	Those messages may not appear in standard system log files or in the ASL database.
May 11 18:04:13 localhost syslogd[134]: Configuration Notice:
	ASL Module "com.apple.authd" sharing output destination "/var/log/asl" with ASL Module "com.apple.asl".
	Output parameters from ASL Module "com.apple.asl" override any specified in ASL Module "com.apple.authd".
May 11 18:04:13 localhost syslogd[134]: Configuration Notice:
	ASL Module "com.apple.authd" sharing output destination "/var/log/system.log" with ASL Module "com.apple.asl".
	Output parameters from ASL Module "com.apple.asl" override any specified in ASL Module "com.apple.authd".
May 11 18:04:13 localhost syslogd[134]: Configuration Notice:
	ASL Module "com.apple.authd" claims selected messages.
	Those messages may not appear in standard system log files or in the ASL database.
May 11 18:04:13 localhost syslogd[134]: Configuration Notice:
	ASL Module "com.apple.eventmonitor" claims selected messages.
	Those messages may not appear in standard system log files or in the ASL database.
May 11 18:04:13 localhost syslogd[134]: Configuration Notice:
	ASL Module "com.apple.mail" claims selected messages.
	Those messages may not appear in standard system log files or in the ASL database.
May 11 18:04:13 localhost syslogd[134]: Configuration Notice:
	ASL Module "com.apple.performance" claims selected messages.
	Those messages may not appear in standard system log files or in the ASL database.
May 11 18:04:13 localhost syslogd[134]: Configuration Notice:
	ASL Module "com.apple.iokit.power" claims selected messages.
	Those messages may not appear in standard system log files or in the ASL database.
May 11 18:04:13 localhost syslogd[134]: Configuration Notice:
	ASL Module "com.apple.contacts.ContactsAutocomplete" claims selected messages.
	Those messages may not appear in standard system log files or in the ASL database.
May 11 18:04:13 localhost syslogd[134]: Configuration Notice:
	ASL Module "com.apple.mkb" sharing output destination "/private/var/log/keybagd.log" with ASL Module "com.apple.mkb.internal".
	Output parameters from ASL Module "com.apple.mkb.internal" override any specified in ASL Module "com.apple.mkb".
May 11 18:04:13 localhost syslogd[134]: Configuration Notice:
	ASL Module "com.apple.mkb" claims selected messages.
	Those messages may not appear in standard system log files or in the ASL database.
May 11 18:04:13 localhost syslogd[134]: Configuration Notice:
	ASL Module "com.apple.MessageTracer" claims selected messages.
	Those messages may not appear in standard system log files or in the ASL database.
May 11 18:04:13 localhost syslogd[134]: ASL Sender Statistics
May 11 18:04:37 MacBook-Air loginwindow[171]: Clearing phase info
May 11 18:04:37 MacBook-Air loginwindow[171]: calling progress app remoteObjectProxy
May 11 18:04:37 MacBook-Air loginwindow[171]: Creating connection
May 11 18:04:37 MacBook-Air loginwindow[171]: Connection = 0x600001d443c0, callers = (
	    "<IASUPCaller: 0x600002e785d0>"
	)
May 11 18:04:37 MacBook-Air loginwindow[171]: version = 2
May 11 18:04:37 MacBook-Air loginwindow[171]: isModernOS = 1
May 11 18:04:37 MacBook-Air loginwindow[171]: Add phase named "IOKit Boot", progress 1.000000, delayInSeconds 0
May 11 18:04:37 MacBook-Air loginwindow[171]: Add phase named "loginwindow Boot", progress 99.000000, delayInSeconds -1
May 11 18:04:37 MacBook-Air loginwindow[171]: Connection = 0x600001d443c0, callers = (
	    "<IASUPCaller: 0x600002e785d0>",
	    "<IASUPCaller: 0x600002e78600>"
	)
May 11 18:04:37 MacBook-Air loginwindow[171]: client 0x600003947240: phaseName = "loginwindow Boot", registering connection
May 11 18:04:37 MacBook-Air loginwindow[171]: client 0x600003947240: phaseName = "loginwindow Boot" was created
May 11 18:04:37 MacBook-Air loginwindow[171]: Connection = 0x600001d443c0, callers = (
	    "<IASUPCaller: 0x600002e785d0>",
	    "<IASUPCaller: 0x600002e78600>",
	    "<IASUPCaller: 0x600002e78670>"
	)
May 11 18:04:37 MacBook-Air loginwindow[171]: client 0x6000039473c0: phaseName = "IOKit Boot", registering connection
May 11 18:04:37 MacBook-Air loginwindow[171]: client 0x6000039473c0: phaseName = "IOKit Boot" was created
May 11 18:04:37 MacBook-Air loginwindow[171]: client 0x6000039473c0: phaseName = "IOKit Boot", show progress UI called
May 11 18:04:37 MacBook-Air loginwindow[171]: ISAP: Show progress UI called
May 11 18:04:37 MacBook-Air loginwindow[171]: client 0x6000039473c0: phaseName = "IOKit Boot" is done
May 11 18:04:37 MacBook-Air loginwindow[171]: ISAP: Done with Phase "IOKit Boot"
May 11 18:04:37 MacBook-Air loginwindow[171]: client 0x6000039473c0: phaseName = "IOKit Boot" is being released
May 11 18:04:37 MacBook-Air loginwindow[171]: Releasing Connection
May 11 18:04:37 MacBook-Air loginwindow[171]: client 0x600003947240: handler = 0x600002245cb0
May 11 18:04:39 MacBook-Air loginwindow[171]: client 0x600003947240: phaseName = "loginwindow Boot" is done
May 11 18:04:39 MacBook-Air loginwindow[171]: ISAP: Done with Phase "loginwindow Boot"
May 11 18:04:39 MacBook-Air loginwindow[171]: Calling completion handler for 0x600003947240
May 11 18:04:39 MacBook-Air loginwindow[171]: client 0x600003947240: phaseName = "loginwindow Boot" is already done
May 11 18:04:39 MacBook-Air loginwindow[171]: client 0x600003947240: phaseName = "loginwindow Boot", hide progress UI called
May 11 18:04:39 MacBook-Air loginwindow[171]: ISAP: hide progress UI called
May 11 18:04:39 MacBook-Air loginwindow[171]: client 0x600003947240: phaseName = "loginwindow Boot" is being released
May 11 18:04:39 MacBook-Air loginwindow[171]: Releasing Connection
May 11 18:04:45 macbook-air loginwindow[171]: The connection was interrupted, calling interruption handlers
May 11 18:04:47 macbook-air loginwindow[171]: USER_PROCESS: 171 console
May 11 18:04:48 macbook-air AMPDeviceDiscoveryAgent[501]: tid:1503 - This is here just to make sure we empty our found devices queue
May 11 18:04:48 macbook-air AMPDeviceDiscoveryAgent[501]: tid:1503 - (null)
May 11 18:04:48 macbook-air AMPDeviceDiscoveryAgent[501]: tid:1503 - Failed to subscribe for booted OS device notifications.
May 11 18:04:48 macbook-air AMPDeviceDiscoveryAgent[501]: tid:103 - (null)
May 11 18:05:37 macbook-air loginwindow[171]: There is still an active connection
May 11 18:06:10 --- last message repeated 1 time ---
May 11 18:14:17 macbook-air syslogd[134]: ASL Sender Statistics
May 11 18:16:10 macbook-air login[18358]: USER_PROCESS: 18358 ttys000
May 11 18:24:44 macbook-air syslogd[134]: ASL Sender Statistics
May 11 18:25:19 macbook-air login[18358]: DEAD_PROCESS: 18358 ttys000
May 11 18:25:20 macbook-air sessionlogoutd[27706]: DEAD_PROCESS: 171 console
May 11 18:25:20 macbook-air shutdown[27710]: SHUTDOWN_TIME: 1778541920 657339
May 11 18:27:42 localhost bootlog[0]: BOOT_TIME 1778542062 0
May 11 18:28:12 localhost syslogd[134]: Configuration Notice:
	ASL Module "com.apple.cdscheduler" claims selected messages.
	Those messages may not appear in standard system log files or in the ASL database.
May 11 18:28:12 localhost syslogd[134]: Configuration Notice:
	ASL Module "com.apple.install" claims selected messages.
	Those messages may not appear in standard system log files or in the ASL database.
May 11 18:28:12 localhost syslogd[134]: Configuration Notice:
	ASL Module "com.apple.authd" sharing output destination "/var/log/asl" with ASL Module "com.apple.asl".
	Output parameters from ASL Module "com.apple.asl" override any specified in ASL Module "com.apple.authd".
May 11 18:28:12 localhost syslogd[134]: Configuration Notice:
	ASL Module "com.apple.authd" sharing output destination "/var/log/system.log" with ASL Module "com.apple.asl".
	Output parameters from ASL Module "com.apple.asl" override any specified in ASL Module "com.apple.authd".
May 11 18:28:12 localhost syslogd[134]: Configuration Notice:
	ASL Module "com.apple.authd" claims selected messages.
	Those messages may not appear in standard system log files or in the ASL database.
May 11 18:28:12 localhost syslogd[134]: Configuration Notice:
	ASL Module "com.apple.eventmonitor" claims selected messages.
	Those messages may not appear in standard system log files or in the ASL database.
May 11 18:28:12 localhost syslogd[134]: Configuration Notice:
	ASL Module "com.apple.mail" claims selected messages.
	Those messages may not appear in standard system log files or in the ASL database.
May 11 18:28:12 localhost syslogd[134]: Configuration Notice:
	ASL Module "com.apple.performance" claims selected messages.
	Those messages may not appear in standard system log files or in the ASL database.
May 11 18:28:12 localhost syslogd[134]: Configuration Notice:
	ASL Module "com.apple.iokit.power" claims selected messages.
	Those messages may not appear in standard system log files or in the ASL database.
May 11 18:28:12 localhost syslogd[134]: Configuration Notice:
	ASL Module "com.apple.contacts.ContactsAutocomplete" claims selected messages.
	Those messages may not appear in standard system log files or in the ASL database.
May 11 18:28:12 localhost syslogd[134]: Configuration Notice:
	ASL Module "com.apple.mkb" sharing output destination "/private/var/log/keybagd.log" with ASL Module "com.apple.mkb.internal".
	Output parameters from ASL Module "com.apple.mkb.internal" override any specified in ASL Module "com.apple.mkb".
May 11 18:28:12 localhost syslogd[134]: Configuration Notice:
	ASL Module "com.apple.mkb" claims selected messages.
	Those messages may not appear in standard system log files or in the ASL database.
May 11 18:28:12 localhost syslogd[134]: Configuration Notice:
	ASL Module "com.apple.MessageTracer" claims selected messages.
	Those messages may not appear in standard system log files or in the ASL database.
May 11 18:28:12 localhost syslogd[134]: ASL Sender Statistics
May 11 18:28:35 MacBook-Air loginwindow[168]: Clearing phase info
May 11 18:28:35 MacBook-Air loginwindow[168]: calling progress app remoteObjectProxy
May 11 18:28:35 MacBook-Air loginwindow[168]: Creating connection
May 11 18:28:35 MacBook-Air loginwindow[168]: Connection = 0x600003f10640, callers = (
	    "<IASUPCaller: 0x600000c08a20>"
	)
May 11 18:28:35 MacBook-Air loginwindow[168]: version = 2
May 11 18:28:35 MacBook-Air loginwindow[168]: isModernOS = 1
May 11 18:28:35 MacBook-Air loginwindow[168]: Add phase named "IOKit Boot", progress 1.000000, delayInSeconds 0
May 11 18:28:35 MacBook-Air loginwindow[168]: Add phase named "loginwindow Boot", progress 99.000000, delayInSeconds -1
May 11 18:28:35 MacBook-Air loginwindow[168]: Connection = 0x600003f10640, callers = (
	    "<IASUPCaller: 0x600000c08a20>",
	    "<IASUPCaller: 0x600000c18610>"
	)
May 11 18:28:35 MacBook-Air loginwindow[168]: client 0x600001b24a00: phaseName = "loginwindow Boot", registering connection
May 11 18:28:35 MacBook-Air loginwindow[168]: client 0x600001b24a00: phaseName = "loginwindow Boot" was created
May 11 18:28:35 MacBook-Air loginwindow[168]: Connection = 0x600003f10640, callers = (
	    "<IASUPCaller: 0x600000c08a20>",
	    "<IASUPCaller: 0x600000c18610>",
	    "<IASUPCaller: 0x600000c186b0>"
	)
May 11 18:28:35 MacBook-Air loginwindow[168]: client 0x600001b24b80: phaseName = "IOKit Boot", registering connection
May 11 18:28:35 MacBook-Air loginwindow[168]: client 0x600001b24b80: phaseName = "IOKit Boot" was created
May 11 18:28:35 MacBook-Air loginwindow[168]: client 0x600001b24b80: phaseName = "IOKit Boot", show progress UI called
May 11 18:28:35 MacBook-Air loginwindow[168]: ISAP: Show progress UI called
May 11 18:28:35 MacBook-Air loginwindow[168]: client 0x600001b24b80: phaseName = "IOKit Boot" is done
May 11 18:28:35 MacBook-Air loginwindow[168]: ISAP: Done with Phase "IOKit Boot"
May 11 18:28:35 MacBook-Air loginwindow[168]: client 0x600001b24b80: phaseName = "IOKit Boot" is being released
May 11 18:28:35 MacBook-Air loginwindow[168]: Releasing Connection
May 11 18:28:35 MacBook-Air loginwindow[168]: client 0x600001b24a00: handler = 0x60000003c8a0
May 11 18:28:36 MacBook-Air loginwindow[168]: client 0x600001b24a00: phaseName = "loginwindow Boot" is done
May 11 18:28:36 MacBook-Air loginwindow[168]: ISAP: Done with Phase "loginwindow Boot"
May 11 18:28:37 MacBook-Air loginwindow[168]: Calling completion handler for 0x600001b24a00
May 11 18:28:37 MacBook-Air loginwindow[168]: client 0x600001b24a00: phaseName = "loginwindow Boot" is already done
May 11 18:28:37 MacBook-Air loginwindow[168]: client 0x600001b24a00: phaseName = "loginwindow Boot", hide progress UI called
May 11 18:28:37 MacBook-Air loginwindow[168]: ISAP: hide progress UI called
May 11 18:28:37 MacBook-Air loginwindow[168]: client 0x600001b24a00: phaseName = "loginwindow Boot" is being released
May 11 18:28:37 MacBook-Air loginwindow[168]: Releasing Connection
May 11 18:28:42 MacBook-Air loginwindow[168]: USER_PROCESS: 168 console
May 11 18:28:42 MacBook-Air loginwindow[168]: The connection was interrupted, calling interruption handlers
May 11 18:28:43 MacBook-Air AMPDeviceDiscoveryAgent[445]: tid:1903 - This is here just to make sure we empty our found devices queue
May 11 18:28:43 MacBook-Air AMPDeviceDiscoveryAgent[445]: tid:1903 - (null)
May 11 18:28:43 MacBook-Air AMPDeviceDiscoveryAgent[445]: tid:1903 - Failed to subscribe for booted OS device notifications.
May 11 18:28:43 macbook-air AMPDeviceDiscoveryAgent[445]: tid:103 - (null)
May 11 18:29:36 macbook-air loginwindow[168]: There is still an active connection
May 11 18:30:08 --- last message repeated 1 time ---
May 11 18:34:50 macbook-air login[6358]: USER_PROCESS: 6358 ttys000
May 11 18:40:58 macbook-air syslogd[134]: ASL Sender Statistics
May 11 18:44:39 macbook-air login[6358]: DEAD_PROCESS: 6358 ttys000
May 11 18:44:41 macbook-air sessionlogoutd[36582]: DEAD_PROCESS: 168 console
May 11 18:44:41 macbook-air shutdown[36583]: SHUTDOWN_TIME: 1778543081 194729
May 11 18:46:00 localhost bootlog[0]: BOOT_TIME 1778543160 0
May 11 18:46:26 localhost syslogd[134]: Configuration Notice:
	ASL Module "com.apple.cdscheduler" claims selected messages.
	Those messages may not appear in standard system log files or in the ASL database.
May 11 18:46:26 localhost syslogd[134]: Configuration Notice:
	ASL Module "com.apple.install" claims selected messages.
	Those messages may not appear in standard system log files or in the ASL database.
May 11 18:46:26 localhost syslogd[134]: Configuration Notice:
	ASL Module "com.apple.authd" sharing output destination "/var/log/asl" with ASL Module "com.apple.asl".
	Output parameters from ASL Module "com.apple.asl" override any specified in ASL Module "com.apple.authd".
May 11 18:46:26 localhost syslogd[134]: Configuration Notice:
	ASL Module "com.apple.authd" sharing output destination "/var/log/system.log" with ASL Module "com.apple.asl".
	Output parameters from ASL Module "com.apple.asl" override any specified in ASL Module "com.apple.authd".
May 11 18:46:26 localhost syslogd[134]: Configuration Notice:
	ASL Module "com.apple.authd" claims selected messages.
	Those messages may not appear in standard system log files or in the ASL database.
May 11 18:46:26 localhost syslogd[134]: Configuration Notice:
	ASL Module "com.apple.eventmonitor" claims selected messages.
	Those messages may not appear in standard system log files or in the ASL database.
May 11 18:46:26 localhost syslogd[134]: Configuration Notice:
	ASL Module "com.apple.mail" claims selected messages.
	Those messages may not appear in standard system log files or in the ASL database.
May 11 18:46:26 localhost syslogd[134]: Configuration Notice:
	ASL Module "com.apple.performance" claims selected messages.
	Those messages may not appear in standard system log files or in the ASL database.
May 11 18:46:26 localhost syslogd[134]: Configuration Notice:
	ASL Module "com.apple.iokit.power" claims selected messages.
	Those messages may not appear in standard system log files or in the ASL database.
May 11 18:46:26 localhost syslogd[134]: Configuration Notice:
	ASL Module "com.apple.contacts.ContactsAutocomplete" claims selected messages.
	Those messages may not appear in standard system log files or in the ASL database.
May 11 18:46:26 localhost syslogd[134]: Configuration Notice:
	ASL Module "com.apple.mkb" sharing output destination "/private/var/log/keybagd.log" with ASL Module "com.apple.mkb.internal".
	Output parameters from ASL Module "com.apple.mkb.internal" override any specified in ASL Module "com.apple.mkb".
May 11 18:46:26 localhost syslogd[134]: Configuration Notice:
	ASL Module "com.apple.mkb" claims selected messages.
	Those messages may not appear in standard system log files or in the ASL database.
May 11 18:46:26 localhost syslogd[134]: Configuration Notice:
	ASL Module "com.apple.MessageTracer" claims selected messages.
	Those messages may not appear in standard system log files or in the ASL database.
May 11 18:46:26 localhost syslogd[134]: ASL Sender Statistics
May 11 18:48:59 localhost bootlog[0]: BOOT_TIME 1778543339 0
May 11 18:49:27 localhost syslogd[134]: Configuration Notice:
	ASL Module "com.apple.cdscheduler" claims selected messages.
	Those messages may not appear in standard system log files or in the ASL database.
May 11 18:49:27 localhost syslogd[134]: Configuration Notice:
	ASL Module "com.apple.install" claims selected messages.
	Those messages may not appear in standard system log files or in the ASL database.
May 11 18:49:27 localhost syslogd[134]: Configuration Notice:
	ASL Module "com.apple.authd" sharing output destination "/var/log/asl" with ASL Module "com.apple.asl".
	Output parameters from ASL Module "com.apple.asl" override any specified in ASL Module "com.apple.authd".
May 11 18:49:27 localhost syslogd[134]: Configuration Notice:
	ASL Module "com.apple.authd" sharing output destination "/var/log/system.log" with ASL Module "com.apple.asl".
	Output parameters from ASL Module "com.apple.asl" override any specified in ASL Module "com.apple.authd".
May 11 18:49:27 localhost syslogd[134]: Configuration Notice:
	ASL Module "com.apple.authd" claims selected messages.
	Those messages may not appear in standard system log files or in the ASL database.
May 11 18:49:27 localhost syslogd[134]: Configuration Notice:
	ASL Module "com.apple.eventmonitor" claims selected messages.
	Those messages may not appear in standard system log files or in the ASL database.
May 11 18:49:27 localhost syslogd[134]: Configuration Notice:
	ASL Module "com.apple.mail" claims selected messages.
	Those messages may not appear in standard system log files or in the ASL database.
May 11 18:49:27 localhost syslogd[134]: Configuration Notice:
	ASL Module "com.apple.performance" claims selected messages.
	Those messages may not appear in standard system log files or in the ASL database.
May 11 18:49:27 localhost syslogd[134]: Configuration Notice:
	ASL Module "com.apple.iokit.power" claims selected messages.
	Those messages may not appear in standard system log files or in the ASL database.
May 11 18:49:27 localhost syslogd[134]: Configuration Notice:
	ASL Module "com.apple.contacts.ContactsAutocomplete" claims selected messages.
	Those messages may not appear in standard system log files or in the ASL database.
May 11 18:49:27 localhost syslogd[134]: Configuration Notice:
	ASL Module "com.apple.mkb" sharing output destination "/private/var/log/keybagd.log" with ASL Module "com.apple.mkb.internal".
	Output parameters from ASL Module "com.apple.mkb.internal" override any specified in ASL Module "com.apple.mkb".
May 11 18:49:27 localhost syslogd[134]: Configuration Notice:
	ASL Module "com.apple.mkb" claims selected messages.
	Those messages may not appear in standard system log files or in the ASL database.
May 11 18:49:27 localhost syslogd[134]: Configuration Notice:
	ASL Module "com.apple.MessageTracer" claims selected messages.
	Those messages may not appear in standard system log files or in the ASL database.
May 11 18:49:27 localhost syslogd[134]: ASL Sender Statistics
May 11 18:49:54 MacBook-Air loginwindow[169]: Clearing phase info
May 11 18:49:54 MacBook-Air loginwindow[169]: calling progress app remoteObjectProxy
May 11 18:49:54 MacBook-Air loginwindow[169]: Creating connection
May 11 18:49:54 MacBook-Air loginwindow[169]: Connection = 0x600000dac6e0, callers = (
	    "<IASUPCaller: 0x600003e8c710>"
	)
May 11 18:49:54 MacBook-Air loginwindow[169]: version = 2
May 11 18:49:54 MacBook-Air loginwindow[169]: isModernOS = 1
May 11 18:49:54 MacBook-Air loginwindow[169]: Add phase named "IOKit Boot", progress 1.000000, delayInSeconds 0
May 11 18:49:54 MacBook-Air loginwindow[169]: Add phase named "loginwindow Boot", progress 99.000000, delayInSeconds -1
May 11 18:49:54 MacBook-Air loginwindow[169]: Connection = 0x600000dac6e0, callers = (
	    "<IASUPCaller: 0x600003e8c710>",
	    "<IASUPCaller: 0x600003e8c750>"
	)
May 11 18:49:54 MacBook-Air loginwindow[169]: client 0x60000299cdc0: phaseName = "loginwindow Boot", registering connection
May 11 18:49:54 MacBook-Air loginwindow[169]: client 0x60000299cdc0: phaseName = "loginwindow Boot" was created
May 11 18:49:54 MacBook-Air loginwindow[169]: Connection = 0x600000dac6e0, callers = (
	    "<IASUPCaller: 0x600003e8c710>",
	    "<IASUPCaller: 0x600003e8c750>",
	    "<IASUPCaller: 0x600003e8c770>"
	)
May 11 18:49:54 MacBook-Air loginwindow[169]: client 0x60000299cf40: phaseName = "IOKit Boot", registering connection
May 11 18:49:54 MacBook-Air loginwindow[169]: client 0x60000299cf40: phaseName = "IOKit Boot" was created
May 11 18:49:54 MacBook-Air loginwindow[169]: client 0x60000299cf40: phaseName = "IOKit Boot", show progress UI called
May 11 18:49:54 MacBook-Air loginwindow[169]: ISAP: Show progress UI called
May 11 18:49:54 MacBook-Air loginwindow[169]: client 0x60000299cf40: phaseName = "IOKit Boot" is done
May 11 18:49:54 MacBook-Air loginwindow[169]: ISAP: Done with Phase "IOKit Boot"
May 11 18:49:54 MacBook-Air loginwindow[169]: client 0x60000299cf40: phaseName = "IOKit Boot" is being released
May 11 18:49:54 MacBook-Air loginwindow[169]: Releasing Connection
May 11 18:49:54 MacBook-Air loginwindow[169]: client 0x60000299cdc0: handler = 0x600003282010
May 11 18:49:56 MacBook-Air loginwindow[169]: client 0x60000299cdc0: phaseName = "loginwindow Boot" is done
May 11 18:49:56 MacBook-Air loginwindow[169]: ISAP: Done with Phase "loginwindow Boot"
May 11 18:49:56 MacBook-Air loginwindow[169]: Calling completion handler for 0x60000299cdc0
May 11 18:49:56 MacBook-Air loginwindow[169]: client 0x60000299cdc0: phaseName = "loginwindow Boot" is already done
May 11 18:49:56 MacBook-Air loginwindow[169]: client 0x60000299cdc0: phaseName = "loginwindow Boot", hide progress UI called
May 11 18:49:56 MacBook-Air loginwindow[169]: ISAP: hide progress UI called
May 11 18:49:56 MacBook-Air loginwindow[169]: client 0x60000299cdc0: phaseName = "loginwindow Boot" is being released
May 11 18:49:56 MacBook-Air loginwindow[169]: Releasing Connection
May 11 18:50:01 MacBook-Air loginwindow[169]: The connection was interrupted, calling interruption handlers
May 11 18:50:04 MacBook-Air loginwindow[169]: USER_PROCESS: 169 console
May 11 18:50:07 MacBook-Air AMPDeviceDiscoveryAgent[477]: tid:1003 - This is here just to make sure we empty our found devices queue
May 11 18:50:07 MacBook-Air AMPDeviceDiscoveryAgent[477]: tid:1003 - (null)
May 11 18:50:07 MacBook-Air AMPDeviceDiscoveryAgent[477]: tid:1003 - Failed to subscribe for booted OS device notifications.
May 11 18:50:07 MacBook-Air AMPDeviceDiscoveryAgent[477]: tid:103 - (null)
May 11 18:50:21 macbook-air login[608]: USER_PROCESS: 608 ttys000
May 11 18:50:54 macbook-air loginwindow[169]: There is still an active connection
May 11 18:51:26 --- last message repeated 1 time ---
May 11 18:53:54 macbook-air login[608]: DEAD_PROCESS: 608 ttys000
May 11 18:53:55 macbook-air sessionlogoutd[3175]: DEAD_PROCESS: 169 console
May 11 18:53:55 macbook-air shutdown[3178]: SHUTDOWN_TIME: 1778543635 247753
May 11 18:54:38 localhost bootlog[0]: BOOT_TIME 1778543678 0
May 11 18:55:06 localhost syslogd[134]: Configuration Notice:
	ASL Module "com.apple.cdscheduler" claims selected messages.
	Those messages may not appear in standard system log files or in the ASL database.
May 11 18:55:06 localhost syslogd[134]: Configuration Notice:
	ASL Module "com.apple.install" claims selected messages.
	Those messages may not appear in standard system log files or in the ASL database.
May 11 18:55:06 localhost syslogd[134]: Configuration Notice:
	ASL Module "com.apple.authd" sharing output destination "/var/log/asl" with ASL Module "com.apple.asl".
	Output parameters from ASL Module "com.apple.asl" override any specified in ASL Module "com.apple.authd".
May 11 18:55:06 localhost syslogd[134]: Configuration Notice:
	ASL Module "com.apple.authd" sharing output destination "/var/log/system.log" with ASL Module "com.apple.asl".
	Output parameters from ASL Module "com.apple.asl" override any specified in ASL Module "com.apple.authd".
May 11 18:55:06 localhost syslogd[134]: Configuration Notice:
	ASL Module "com.apple.authd" claims selected messages.
	Those messages may not appear in standard system log files or in the ASL database.
May 11 18:55:06 localhost syslogd[134]: Configuration Notice:
	ASL Module "com.apple.eventmonitor" claims selected messages.
	Those messages may not appear in standard system log files or in the ASL database.
May 11 18:55:06 localhost syslogd[134]: Configuration Notice:
	ASL Module "com.apple.mail" claims selected messages.
	Those messages may not appear in standard system log files or in the ASL database.
May 11 18:55:06 localhost syslogd[134]: Configuration Notice:
	ASL Module "com.apple.performance" claims selected messages.
	Those messages may not appear in standard system log files or in the ASL database.
May 11 18:55:06 localhost syslogd[134]: Configuration Notice:
	ASL Module "com.apple.iokit.power" claims selected messages.
	Those messages may not appear in standard system log files or in the ASL database.
May 11 18:55:06 localhost syslogd[134]: Configuration Notice:
	ASL Module "com.apple.contacts.ContactsAutocomplete" claims selected messages.
	Those messages may not appear in standard system log files or in the ASL database.
May 11 18:55:06 localhost syslogd[134]: Configuration Notice:
	ASL Module "com.apple.mkb" sharing output destination "/private/var/log/keybagd.log" with ASL Module "com.apple.mkb.internal".
	Output parameters from ASL Module "com.apple.mkb.internal" override any specified in ASL Module "com.apple.mkb".
May 11 18:55:06 localhost syslogd[134]: Configuration Notice:
	ASL Module "com.apple.mkb" claims selected messages.
	Those messages may not appear in standard system log files or in the ASL database.
May 11 18:55:06 localhost syslogd[134]: Configuration Notice:
	ASL Module "com.apple.MessageTracer" claims selected messages.
	Those messages may not appear in standard system log files or in the ASL database.
May 11 18:55:06 localhost syslogd[134]: ASL Sender Statistics
May 11 18:56:51 localhost bootlog[0]: BOOT_TIME 1778543811 0
May 11 18:57:20 localhost syslogd[134]: Configuration Notice:
	ASL Module "com.apple.cdscheduler" claims selected messages.
	Those messages may not appear in standard system log files or in the ASL database.
May 11 18:57:20 localhost syslogd[134]: Configuration Notice:
	ASL Module "com.apple.install" claims selected messages.
	Those messages may not appear in standard system log files or in the ASL database.
May 11 18:57:20 localhost syslogd[134]: Configuration Notice:
	ASL Module "com.apple.authd" sharing output destination "/var/log/asl" with ASL Module "com.apple.asl".
	Output parameters from ASL Module "com.apple.asl" override any specified in ASL Module "com.apple.authd".
May 11 18:57:20 localhost syslogd[134]: Configuration Notice:
	ASL Module "com.apple.authd" sharing output destination "/var/log/system.log" with ASL Module "com.apple.asl".
	Output parameters from ASL Module "com.apple.asl" override any specified in ASL Module "com.apple.authd".
May 11 18:57:20 localhost syslogd[134]: Configuration Notice:
	ASL Module "com.apple.authd" claims selected messages.
	Those messages may not appear in standard system log files or in the ASL database.
May 11 18:57:20 localhost syslogd[134]: Configuration Notice:
	ASL Module "com.apple.eventmonitor" claims selected messages.
	Those messages may not appear in standard system log files or in the ASL database.
May 11 18:57:20 localhost syslogd[134]: Configuration Notice:
	ASL Module "com.apple.mail" claims selected messages.
	Those messages may not appear in standard system log files or in the ASL database.
May 11 18:57:20 localhost syslogd[134]: Configuration Notice:
	ASL Module "com.apple.performance" claims selected messages.
	Those messages may not appear in standard system log files or in the ASL database.
May 11 18:57:20 localhost syslogd[134]: Configuration Notice:
	ASL Module "com.apple.iokit.power" claims selected messages.
	Those messages may not appear in standard system log files or in the ASL database.
May 11 18:57:20 localhost syslogd[134]: Configuration Notice:
	ASL Module "com.apple.contacts.ContactsAutocomplete" claims selected messages.
	Those messages may not appear in standard system log files or in the ASL database.
May 11 18:57:20 localhost syslogd[134]: Configuration Notice:
	ASL Module "com.apple.mkb" sharing output destination "/private/var/log/keybagd.log" with ASL Module "com.apple.mkb.internal".
	Output parameters from ASL Module "com.apple.mkb.internal" override any specified in ASL Module "com.apple.mkb".
May 11 18:57:20 localhost syslogd[134]: Configuration Notice:
	ASL Module "com.apple.mkb" claims selected messages.
	Those messages may not appear in standard system log files or in the ASL database.
May 11 18:57:20 localhost syslogd[134]: Configuration Notice:
	ASL Module "com.apple.MessageTracer" claims selected messages.
	Those messages may not appear in standard system log files or in the ASL database.
May 11 18:57:20 localhost syslogd[134]: ASL Sender Statistics
May 11 18:57:45 MacBook-Air loginwindow[169]: Clearing phase info
May 11 18:57:45 MacBook-Air loginwindow[169]: calling progress app remoteObjectProxy
May 11 18:57:45 MacBook-Air loginwindow[169]: Creating connection
May 11 18:57:45 MacBook-Air loginwindow[169]: Connection = 0x600000bdc5a0, callers = (
	    "<IASUPCaller: 0x6000038d00b0>"
	)
May 11 18:57:45 MacBook-Air loginwindow[169]: version = 2
May 11 18:57:45 MacBook-Air loginwindow[169]: isModernOS = 1
May 11 18:57:45 MacBook-Air loginwindow[169]: Add phase named "IOKit Boot", progress 1.000000, delayInSeconds 0
May 11 18:57:45 MacBook-Air loginwindow[169]: Add phase named "loginwindow Boot", progress 99.000000, delayInSeconds -1
May 11 18:57:45 MacBook-Air loginwindow[169]: Connection = 0x600000bdc5a0, callers = (
	    "<IASUPCaller: 0x6000038d00b0>",
	    "<IASUPCaller: 0x6000038d00e0>"
	)
May 11 18:57:45 MacBook-Air loginwindow[169]: client 0x600002fcb5c0: phaseName = "loginwindow Boot", registering connection
May 11 18:57:45 MacBook-Air loginwindow[169]: client 0x600002fcb5c0: phaseName = "loginwindow Boot" was created
May 11 18:57:45 MacBook-Air loginwindow[169]: Connection = 0x600000bdc5a0, callers = (
	    "<IASUPCaller: 0x6000038d00b0>",
	    "<IASUPCaller: 0x6000038d00e0>",
	    "<IASUPCaller: 0x6000038d0240>"
	)
May 11 18:57:45 MacBook-Air loginwindow[169]: client 0x600002fcba40: phaseName = "IOKit Boot", registering connection
May 11 18:57:45 MacBook-Air loginwindow[169]: client 0x600002fcba40: phaseName = "IOKit Boot" was created
May 11 18:57:45 MacBook-Air loginwindow[169]: client 0x600002fcba40: phaseName = "IOKit Boot", show progress UI called
May 11 18:57:45 MacBook-Air loginwindow[169]: ISAP: Show progress UI called
May 11 18:57:45 MacBook-Air loginwindow[169]: client 0x600002fcba40: phaseName = "IOKit Boot" is done
May 11 18:57:45 MacBook-Air loginwindow[169]: ISAP: Done with Phase "IOKit Boot"
May 11 18:57:45 MacBook-Air loginwindow[169]: client 0x600002fcba40: phaseName = "IOKit Boot" is being released
May 11 18:57:45 MacBook-Air loginwindow[169]: Releasing Connection
May 11 18:57:45 MacBook-Air loginwindow[169]: client 0x600002fcb5c0: handler = 0x6000034e8480
May 11 18:57:46 MacBook-Air loginwindow[169]: client 0x600002fcb5c0: phaseName = "loginwindow Boot" is done
May 11 18:57:46 MacBook-Air loginwindow[169]: ISAP: Done with Phase "loginwindow Boot"
May 11 18:57:47 MacBook-Air loginwindow[169]: Calling completion handler for 0x600002fcb5c0
May 11 18:57:47 MacBook-Air loginwindow[169]: client 0x600002fcb5c0: phaseName = "loginwindow Boot" is already done
May 11 18:57:47 MacBook-Air loginwindow[169]: client 0x600002fcb5c0: phaseName = "loginwindow Boot", hide progress UI called
May 11 18:57:47 MacBook-Air loginwindow[169]: ISAP: hide progress UI called
May 11 18:57:47 MacBook-Air loginwindow[169]: client 0x600002fcb5c0: phaseName = "loginwindow Boot" is being released
May 11 18:57:47 MacBook-Air loginwindow[169]: Releasing Connection
May 11 18:57:52 MacBook-Air loginwindow[169]: The connection was interrupted, calling interruption handlers
May 11 18:58:45 MacBook-Air loginwindow[169]: There is still an active connection
May 11 18:59:17 --- last message repeated 1 time ---
May 11 19:04:20 MacBook-Air loginwindow[169]: USER_PROCESS: 169 console
May 11 19:04:21 MacBook-Air AMPDeviceDiscoveryAgent[520]: tid:1503 - This is here just to make sure we empty our found devices queue
May 11 19:04:21 MacBook-Air AMPDeviceDiscoveryAgent[520]: tid:1503 - (null)
May 11 19:04:21 MacBook-Air AMPDeviceDiscoveryAgent[520]: tid:1503 - Failed to subscribe for booted OS device notifications.
May 11 19:04:21 MacBook-Air AMPDeviceDiscoveryAgent[520]: tid:103 - (null)
May 11 19:05:23 MacBook-Air sessionlogoutd[3105]: DEAD_PROCESS: 169 console
May 11 19:05:24 MacBook-Air shutdown[3109]: SHUTDOWN_TIME: 1778544324 10189
May 11 19:08:43 localhost bootlog[0]: BOOT_TIME 1778544523 0
May 11 19:09:12 localhost syslogd[134]: Configuration Notice:
	ASL Module "com.apple.cdscheduler" claims selected messages.
	Those messages may not appear in standard system log files or in the ASL database.
May 11 19:09:12 localhost syslogd[134]: Configuration Notice:
	ASL Module "com.apple.install" claims selected messages.
	Those messages may not appear in standard system log files or in the ASL database.
May 11 19:09:12 localhost syslogd[134]: Configuration Notice:
	ASL Module "com.apple.authd" sharing output destination "/var/log/asl" with ASL Module "com.apple.asl".
	Output parameters from ASL Module "com.apple.asl" override any specified in ASL Module "com.apple.authd".
May 11 19:09:12 localhost syslogd[134]: Configuration Notice:
	ASL Module "com.apple.authd" sharing output destination "/var/log/system.log" with ASL Module "com.apple.asl".
	Output parameters from ASL Module "com.apple.asl" override any specified in ASL Module "com.apple.authd".
May 11 19:09:12 localhost syslogd[134]: Configuration Notice:
	ASL Module "com.apple.authd" claims selected messages.
	Those messages may not appear in standard system log files or in the ASL database.
May 11 19:09:12 localhost syslogd[134]: Configuration Notice:
	ASL Module "com.apple.eventmonitor" claims selected messages.
	Those messages may not appear in standard system log files or in the ASL database.
May 11 19:09:12 localhost syslogd[134]: Configuration Notice:
	ASL Module "com.apple.mail" claims selected messages.
	Those messages may not appear in standard system log files or in the ASL database.
May 11 19:09:12 localhost syslogd[134]: Configuration Notice:
	ASL Module "com.apple.performance" claims selected messages.
	Those messages may not appear in standard system log files or in the ASL database.
May 11 19:09:12 localhost syslogd[134]: Configuration Notice:
	ASL Module "com.apple.iokit.power" claims selected messages.
	Those messages may not appear in standard system log files or in the ASL database.
May 11 19:09:12 localhost syslogd[134]: Configuration Notice:
	ASL Module "com.apple.contacts.ContactsAutocomplete" claims selected messages.
	Those messages may not appear in standard system log files or in the ASL database.
May 11 19:09:12 localhost syslogd[134]: Configuration Notice:
	ASL Module "com.apple.mkb" sharing output destination "/private/var/log/keybagd.log" with ASL Module "com.apple.mkb.internal".
	Output parameters from ASL Module "com.apple.mkb.internal" override any specified in ASL Module "com.apple.mkb".
May 11 19:09:12 localhost syslogd[134]: Configuration Notice:
	ASL Module "com.apple.mkb" claims selected messages.
	Those messages may not appear in standard system log files or in the ASL database.
May 11 19:09:12 localhost syslogd[134]: Configuration Notice:
	ASL Module "com.apple.MessageTracer" claims selected messages.
	Those messages may not appear in standard system log files or in the ASL database.
May 11 19:09:12 localhost syslogd[134]: ASL Sender Statistics
May 11 19:09:36 MacBook-Pro loginwindow[170]: Clearing phase info
May 11 19:09:36 MacBook-Pro loginwindow[170]: calling progress app remoteObjectProxy
May 11 19:09:36 MacBook-Pro loginwindow[170]: Creating connection
May 11 19:09:36 MacBook-Pro loginwindow[170]: Connection = 0x600003cc4500, callers = (
	    "<IASUPCaller: 0x600000fc8a90>"
	)
May 11 19:09:36 MacBook-Pro loginwindow[170]: version = 2
May 11 19:09:36 MacBook-Pro loginwindow[170]: isModernOS = 1
May 11 19:09:36 MacBook-Pro loginwindow[170]: Add phase named "IOKit Boot", progress 1.000000, delayInSeconds 0
May 11 19:09:36 MacBook-Pro loginwindow[170]: Add phase named "loginwindow Boot", progress 99.000000, delayInSeconds -1
May 11 19:09:36 MacBook-Pro loginwindow[170]: Connection = 0x600003cc4500, callers = (
	    "<IASUPCaller: 0x600000fc8a90>",
	    "<IASUPCaller: 0x600000fc4440>"
	)
May 11 19:09:36 MacBook-Pro loginwindow[170]: client 0x6000018c6d00: phaseName = "loginwindow Boot", registering connection
May 11 19:09:36 MacBook-Pro loginwindow[170]: client 0x6000018c6d00: phaseName = "loginwindow Boot" was created
May 11 19:09:36 MacBook-Pro loginwindow[170]: Connection = 0x600003cc4500, callers = (
	    "<IASUPCaller: 0x600000fc8a90>",
	    "<IASUPCaller: 0x600000fc4440>",
	    "<IASUPCaller: 0x600000fc4460>"
	)
May 11 19:09:36 MacBook-Pro loginwindow[170]: client 0x6000018c6e80: phaseName = "IOKit Boot", registering connection
May 11 19:09:36 MacBook-Pro loginwindow[170]: client 0x6000018c6e80: phaseName = "IOKit Boot" was created
May 11 19:09:36 MacBook-Pro loginwindow[170]: client 0x6000018c6e80: phaseName = "IOKit Boot", show progress UI called
May 11 19:09:36 MacBook-Pro loginwindow[170]: ISAP: Show progress UI called
May 11 19:09:36 MacBook-Pro loginwindow[170]: client 0x6000018c6e80: phaseName = "IOKit Boot" is done
May 11 19:09:36 MacBook-Pro loginwindow[170]: ISAP: Done with Phase "IOKit Boot"
May 11 19:09:36 MacBook-Pro loginwindow[170]: client 0x6000018c6e80: phaseName = "IOKit Boot" is being released
May 11 19:09:36 MacBook-Pro loginwindow[170]: Releasing Connection
May 11 19:09:36 MacBook-Pro loginwindow[170]: client 0x6000018c6d00: handler = 0x6000003fc2d0
May 11 19:09:38 MacBook-Pro loginwindow[170]: client 0x6000018c6d00: phaseName = "loginwindow Boot" is done
May 11 19:09:38 MacBook-Pro loginwindow[170]: ISAP: Done with Phase "loginwindow Boot"
May 11 19:09:38 MacBook-Pro loginwindow[170]: Calling completion handler for 0x6000018c6d00
May 11 19:09:38 MacBook-Pro loginwindow[170]: client 0x6000018c6d00: phaseName = "loginwindow Boot" is already done
May 11 19:09:38 MacBook-Pro loginwindow[170]: client 0x6000018c6d00: phaseName = "loginwindow Boot", hide progress UI called
May 11 19:09:38 MacBook-Pro loginwindow[170]: ISAP: hide progress UI called
May 11 19:09:38 MacBook-Pro loginwindow[170]: client 0x6000018c6d00: phaseName = "loginwindow Boot" is being released
May 11 19:09:38 MacBook-Pro loginwindow[170]: Releasing Connection
May 11 19:09:43 MacBook-Pro loginwindow[170]: The connection was interrupted, calling interruption handlers
May 11 19:10:25 MacBook-Pro loginwindow[170]: USER_PROCESS: 170 console
May 11 19:10:27 MacBook-Pro AMPDeviceDiscoveryAgent[476]: tid:1503 - This is here just to make sure we empty our found devices queue
May 11 19:10:27 MacBook-Pro AMPDeviceDiscoveryAgent[476]: tid:1503 - (null)
May 11 19:10:27 MacBook-Pro AMPDeviceDiscoveryAgent[476]: tid:1503 - Failed to subscribe for booted OS device notifications.
May 11 19:10:27 MacBook-Pro AMPDeviceDiscoveryAgent[476]: tid:103 - (null)
May 11 19:10:36 MacBook-Pro loginwindow[170]: There is still an active connection
May 11 19:11:09 --- last message repeated 1 time ---
May 11 19:14:47 localhost bootlog[0]: BOOT_TIME 1778544887 0
May 11 19:15:12 localhost syslogd[134]: Configuration Notice:
	ASL Module "com.apple.cdscheduler" claims selected messages.
	Those messages may not appear in standard system log files or in the ASL database.
May 11 19:15:12 localhost syslogd[134]: Configuration Notice:
	ASL Module "com.apple.install" claims selected messages.
	Those messages may not appear in standard system log files or in the ASL database.
May 11 19:15:12 localhost syslogd[134]: Configuration Notice:
	ASL Module "com.apple.authd" sharing output destination "/var/log/asl" with ASL Module "com.apple.asl".
	Output parameters from ASL Module "com.apple.asl" override any specified in ASL Module "com.apple.authd".
May 11 19:15:12 localhost syslogd[134]: Configuration Notice:
	ASL Module "com.apple.authd" sharing output destination "/var/log/system.log" with ASL Module "com.apple.asl".
	Output parameters from ASL Module "com.apple.asl" override any specified in ASL Module "com.apple.authd".
May 11 19:15:12 localhost syslogd[134]: Configuration Notice:
	ASL Module "com.apple.authd" claims selected messages.
	Those messages may not appear in standard system log files or in the ASL database.
May 11 19:15:12 localhost syslogd[134]: Configuration Notice:
	ASL Module "com.apple.eventmonitor" claims selected messages.
	Those messages may not appear in standard system log files or in the ASL database.
May 11 19:15:12 localhost syslogd[134]: Configuration Notice:
	ASL Module "com.apple.mail" claims selected messages.
	Those messages may not appear in standard system log files or in the ASL database.
May 11 19:15:12 localhost syslogd[134]: Configuration Notice:
	ASL Module "com.apple.performance" claims selected messages.
	Those messages may not appear in standard system log files or in the ASL database.
May 11 19:15:12 localhost syslogd[134]: Configuration Notice:
	ASL Module "com.apple.iokit.power" claims selected messages.
	Those messages may not appear in standard system log files or in the ASL database.
May 11 19:15:12 localhost syslogd[134]: Configuration Notice:
	ASL Module "com.apple.contacts.ContactsAutocomplete" claims selected messages.
	Those messages may not appear in standard system log files or in the ASL database.
May 11 19:15:12 localhost syslogd[134]: Configuration Notice:
	ASL Module "com.apple.mkb" sharing output destination "/private/var/log/keybagd.log" with ASL Module "com.apple.mkb.internal".
	Output parameters from ASL Module "com.apple.mkb.internal" override any specified in ASL Module "com.apple.mkb".
May 11 19:15:12 localhost syslogd[134]: Configuration Notice:
	ASL Module "com.apple.mkb" claims selected messages.
	Those messages may not appear in standard system log files or in the ASL database.
May 11 19:15:12 localhost syslogd[134]: Configuration Notice:
	ASL Module "com.apple.MessageTracer" claims selected messages.
	Those messages may not appear in standard system log files or in the ASL database.
May 11 19:15:12 localhost syslogd[134]: ASL Sender Statistics
May 11 19:15:42 MacBook-Air loginwindow[168]: Clearing phase info
May 11 19:15:42 MacBook-Air loginwindow[168]: calling progress app remoteObjectProxy
May 11 19:15:42 MacBook-Air loginwindow[168]: Creating connection
May 11 19:15:42 MacBook-Air loginwindow[168]: Connection = 0x6000032f03c0, callers = (
	    "<IASUPCaller: 0x6000001e4850>"
	)
May 11 19:15:42 MacBook-Air loginwindow[168]: version = 2
May 11 19:15:42 MacBook-Air loginwindow[168]: isModernOS = 1
May 11 19:15:42 MacBook-Air loginwindow[168]: Add phase named "IOKit Boot", progress 1.000000, delayInSeconds 0
May 11 19:15:42 MacBook-Air loginwindow[168]: Add phase named "loginwindow Boot", progress 99.000000, delayInSeconds -1
May 11 19:15:42 MacBook-Air loginwindow[168]: Connection = 0x6000032f03c0, callers = (
	    "<IASUPCaller: 0x6000001e4850>",
	    "<IASUPCaller: 0x6000001f4e20>"
	)
May 11 19:15:42 MacBook-Air loginwindow[168]: client 0x6000016c5980: phaseName = "loginwindow Boot", registering connection
May 11 19:15:42 MacBook-Air loginwindow[168]: client 0x6000016c5980: phaseName = "loginwindow Boot" was created
May 11 19:15:42 MacBook-Air loginwindow[168]: Connection = 0x6000032f03c0, callers = (
	    "<IASUPCaller: 0x6000001e4850>",
	    "<IASUPCaller: 0x6000001f4e20>",
	    "<IASUPCaller: 0x6000001f4e90>"
	)
May 11 19:15:42 MacBook-Air loginwindow[168]: client 0x6000016c5500: phaseName = "IOKit Boot", registering connection
May 11 19:15:42 MacBook-Air loginwindow[168]: client 0x6000016c5500: phaseName = "IOKit Boot" was created
May 11 19:15:42 MacBook-Air loginwindow[168]: client 0x6000016c5500: phaseName = "IOKit Boot", show progress UI called
May 11 19:15:42 MacBook-Air loginwindow[168]: ISAP: Show progress UI called
May 11 19:15:42 MacBook-Air loginwindow[168]: client 0x6000016c5500: phaseName = "IOKit Boot" is done
May 11 19:15:42 MacBook-Air loginwindow[168]: ISAP: Done with Phase "IOKit Boot"
May 11 19:15:42 MacBook-Air loginwindow[168]: client 0x6000016c5500: phaseName = "IOKit Boot" is being released
May 11 19:15:42 MacBook-Air loginwindow[168]: Releasing Connection
May 11 19:15:42 MacBook-Air loginwindow[168]: client 0x6000016c5980: handler = 0x600000dc7750
May 11 19:15:43 MacBook-Air loginwindow[168]: client 0x6000016c5980: phaseName = "loginwindow Boot" is done
May 11 19:15:43 MacBook-Air loginwindow[168]: ISAP: Done with Phase "loginwindow Boot"
May 11 19:15:44 MacBook-Air loginwindow[168]: Calling completion handler for 0x6000016c5980
May 11 19:15:44 MacBook-Air loginwindow[168]: client 0x6000016c5980: phaseName = "loginwindow Boot" is already done
May 11 19:15:44 MacBook-Air loginwindow[168]: client 0x6000016c5980: phaseName = "loginwindow Boot", hide progress UI called
May 11 19:15:44 MacBook-Air loginwindow[168]: ISAP: hide progress UI called
May 11 19:15:44 MacBook-Air loginwindow[168]: client 0x6000016c5980: phaseName = "loginwindow Boot" is being released
May 11 19:15:44 MacBook-Air loginwindow[168]: Releasing Connection
May 11 19:15:49 MacBook-Air loginwindow[168]: The connection was interrupted, calling interruption handlers
May 11 19:16:27 macbook-air loginwindow[168]: USER_PROCESS: 168 console
May 11 19:16:29 macbook-air AMPDeviceDiscoveryAgent[499]: tid:1703 - This is here just to make sure we empty our found devices queue
May 11 19:16:29 macbook-air AMPDeviceDiscoveryAgent[499]: tid:1703 - (null)
May 11 19:16:29 macbook-air AMPDeviceDiscoveryAgent[499]: tid:1703 - Failed to subscribe for booted OS device notifications.
May 11 19:16:29 macbook-air AMPDeviceDiscoveryAgent[499]: tid:103 - (null)
May 11 19:16:42 macbook-air loginwindow[168]: There is still an active connection
May 11 19:17:15 --- last message repeated 1 time ---
May 11 19:28:54 macbook-air syslogd[134]: ASL Sender Statistics
May 11 19:30:43 macbook-air sessionlogoutd[3285]: DEAD_PROCESS: 168 console
May 11 19:30:43 macbook-air shutdown[3287]: SHUTDOWN_TIME: 1778545843 731525
May 11 19:31:30 localhost bootlog[0]: BOOT_TIME 1778545890 0
May 11 19:32:46 localhost syslogd[134]: Configuration Notice:
	ASL Module "com.apple.cdscheduler" claims selected messages.
	Those messages may not appear in standard system log files or in the ASL database.
May 11 19:32:46 localhost syslogd[134]: Configuration Notice:
	ASL Module "com.apple.install" claims selected messages.
	Those messages may not appear in standard system log files or in the ASL database.
May 11 19:32:46 localhost syslogd[134]: Configuration Notice:
	ASL Module "com.apple.authd" sharing output destination "/var/log/asl" with ASL Module "com.apple.asl".
	Output parameters from ASL Module "com.apple.asl" override any specified in ASL Module "com.apple.authd".
May 11 19:32:46 localhost syslogd[134]: Configuration Notice:
	ASL Module "com.apple.authd" sharing output destination "/var/log/system.log" with ASL Module "com.apple.asl".
	Output parameters from ASL Module "com.apple.asl" override any specified in ASL Module "com.apple.authd".
May 11 19:32:46 localhost syslogd[134]: Configuration Notice:
	ASL Module "com.apple.authd" claims selected messages.
	Those messages may not appear in standard system log files or in the ASL database.
May 11 19:32:46 localhost syslogd[134]: Configuration Notice:
	ASL Module "com.apple.eventmonitor" claims selected messages.
	Those messages may not appear in standard system log files or in the ASL database.
May 11 19:32:46 localhost syslogd[134]: Configuration Notice:
	ASL Module "com.apple.mail" claims selected messages.
	Those messages may not appear in standard system log files or in the ASL database.
May 11 19:32:46 localhost syslogd[134]: Configuration Notice:
	ASL Module "com.apple.performance" claims selected messages.
	Those messages may not appear in standard system log files or in the ASL database.
May 11 19:32:46 localhost syslogd[134]: Configuration Notice:
	ASL Module "com.apple.iokit.power" claims selected messages.
	Those messages may not appear in standard system log files or in the ASL database.
May 11 19:32:46 localhost syslogd[134]: Configuration Notice:
	ASL Module "com.apple.contacts.ContactsAutocomplete" claims selected messages.
	Those messages may not appear in standard system log files or in the ASL database.
May 11 19:32:46 localhost syslogd[134]: Configuration Notice:
	ASL Module "com.apple.mkb" sharing output destination "/private/var/log/keybagd.log" with ASL Module "com.apple.mkb.internal".
	Output parameters from ASL Module "com.apple.mkb.internal" override any specified in ASL Module "com.apple.mkb".
May 11 19:32:46 localhost syslogd[134]: Configuration Notice:
	ASL Module "com.apple.mkb" claims selected messages.
	Those messages may not appear in standard system log files or in the ASL database.
May 11 19:32:46 localhost syslogd[134]: Configuration Notice:
	ASL Module "com.apple.MessageTracer" claims selected messages.
	Those messages may not appear in standard system log files or in the ASL database.
May 11 19:32:46 localhost syslogd[134]: ASL Sender Statistics
May 11 19:34:13 MacBook-Pro loginwindow[170]: Clearing phase info
May 11 19:34:13 MacBook-Pro loginwindow[170]: calling progress app remoteObjectProxy
May 11 19:34:13 MacBook-Pro loginwindow[170]: Creating connection
May 11 19:34:13 MacBook-Pro loginwindow[170]: Connection = 0x6000031786e0, callers = (
	    "<IASUPCaller: 0x600000278ce0>"
	)
May 11 19:34:13 MacBook-Pro loginwindow[170]: version = 2
May 11 19:34:13 MacBook-Pro loginwindow[170]: isModernOS = 1
May 11 19:34:13 MacBook-Pro loginwindow[170]: Add phase named "IOKit Boot", progress 1.000000, delayInSeconds 0
May 11 19:34:13 MacBook-Pro loginwindow[170]: Add phase named "loginwindow Boot", progress 99.000000, delayInSeconds -1
May 11 19:34:13 MacBook-Pro loginwindow[170]: Connection = 0x6000031786e0, callers = (
	    "<IASUPCaller: 0x600000278ce0>",
	    "<IASUPCaller: 0x600000240430>"
	)
May 11 19:34:13 MacBook-Pro loginwindow[170]: client 0x6000015536c0: phaseName = "loginwindow Boot", registering connection
May 11 19:34:13 MacBook-Pro loginwindow[170]: client 0x6000015536c0: phaseName = "loginwindow Boot" was created
May 11 19:34:13 MacBook-Pro loginwindow[170]: Connection = 0x6000031786e0, callers = (
	    "<IASUPCaller: 0x600000278ce0>",
	    "<IASUPCaller: 0x600000240430>",
	    "<IASUPCaller: 0x600000240450>"
	)
May 11 19:34:13 MacBook-Pro loginwindow[170]: client 0x600001553500: phaseName = "IOKit Boot", registering connection
May 11 19:34:13 MacBook-Pro loginwindow[170]: client 0x600001553500: phaseName = "IOKit Boot" was created
May 11 19:34:13 MacBook-Pro loginwindow[170]: client 0x600001553500: phaseName = "IOKit Boot", show progress UI called
May 11 19:34:13 MacBook-Pro loginwindow[170]: ISAP: Show progress UI called
May 11 19:34:13 MacBook-Pro loginwindow[170]: client 0x600001553500: phaseName = "IOKit Boot" is done
May 11 19:34:13 MacBook-Pro loginwindow[170]: ISAP: Done with Phase "IOKit Boot"
May 11 19:34:13 MacBook-Pro loginwindow[170]: client 0x600001553500: phaseName = "IOKit Boot" is being released
May 11 19:34:13 MacBook-Pro loginwindow[170]: Releasing Connection
May 11 19:34:13 MacBook-Pro loginwindow[170]: client 0x6000015536c0: handler = 0x600000e52580
May 11 19:34:15 MacBook-Pro loginwindow[170]: client 0x6000015536c0: phaseName = "loginwindow Boot" is done
May 11 19:34:15 MacBook-Pro loginwindow[170]: ISAP: Done with Phase "loginwindow Boot"
May 11 19:34:15 MacBook-Pro loginwindow[170]: Calling completion handler for 0x6000015536c0
May 11 19:34:15 MacBook-Pro loginwindow[170]: client 0x6000015536c0: phaseName = "loginwindow Boot" is already done
May 11 19:34:15 MacBook-Pro loginwindow[170]: client 0x6000015536c0: phaseName = "loginwindow Boot", hide progress UI called
May 11 19:34:15 MacBook-Pro loginwindow[170]: ISAP: hide progress UI called
May 11 19:34:15 MacBook-Pro loginwindow[170]: client 0x6000015536c0: phaseName = "loginwindow Boot" is being released
May 11 19:34:15 MacBook-Pro loginwindow[170]: Releasing Connection
May 11 19:34:21 macbook-pro loginwindow[170]: The connection was interrupted, calling interruption handlers
May 11 19:34:39 macbook-pro loginwindow[170]: USER_PROCESS: 170 console
May 11 19:34:40 macbook-pro AMPDeviceDiscoveryAgent[518]: tid:1b03 - This is here just to make sure we empty our found devices queue
May 11 19:34:40 macbook-pro AMPDeviceDiscoveryAgent[518]: tid:1b03 - (null)
May 11 19:34:40 macbook-pro AMPDeviceDiscoveryAgent[518]: tid:1b03 - Failed to subscribe for booted OS device notifications.
May 11 19:34:40 macbook-pro AMPDeviceDiscoveryAgent[518]: tid:103 - (null)
May 11 19:35:14 macbook-pro loginwindow[170]: There is still an active connection
May 11 19:35:46 --- last message repeated 1 time ---
May 11 19:48:13 macbook-pro syslogd[134]: ASL Sender Statistics
May 11 19:48:14 macbook-pro sessionlogoutd[10642]: DEAD_PROCESS: 170 console
May 11 19:48:15 macbook-pro shutdown[10643]: SHUTDOWN_TIME: 1778546895 38115
May 11 19:49:56 localhost bootlog[0]: BOOT_TIME 1778546996 0
May 11 19:50:23 localhost syslogd[134]: Configuration Notice:
	ASL Module "com.apple.cdscheduler" claims selected messages.
	Those messages may not appear in standard system log files or in the ASL database.
May 11 19:50:23 localhost syslogd[134]: Configuration Notice:
	ASL Module "com.apple.install" claims selected messages.
	Those messages may not appear in standard system log files or in the ASL database.
May 11 19:50:23 localhost syslogd[134]: Configuration Notice:
	ASL Module "com.apple.authd" sharing output destination "/var/log/asl" with ASL Module "com.apple.asl".
	Output parameters from ASL Module "com.apple.asl" override any specified in ASL Module "com.apple.authd".
May 11 19:50:23 localhost syslogd[134]: Configuration Notice:
	ASL Module "com.apple.authd" sharing output destination "/var/log/system.log" with ASL Module "com.apple.asl".
	Output parameters from ASL Module "com.apple.asl" override any specified in ASL Module "com.apple.authd".
May 11 19:50:23 localhost syslogd[134]: Configuration Notice:
	ASL Module "com.apple.authd" claims selected messages.
	Those messages may not appear in standard system log files or in the ASL database.
May 11 19:50:23 localhost syslogd[134]: Configuration Notice:
	ASL Module "com.apple.eventmonitor" claims selected messages.
	Those messages may not appear in standard system log files or in the ASL database.
May 11 19:50:23 localhost syslogd[134]: Configuration Notice:
	ASL Module "com.apple.mail" claims selected messages.
	Those messages may not appear in standard system log files or in the ASL database.
May 11 19:50:23 localhost syslogd[134]: Configuration Notice:
	ASL Module "com.apple.performance" claims selected messages.
	Those messages may not appear in standard system log files or in the ASL database.
May 11 19:50:23 localhost syslogd[134]: Configuration Notice:
	ASL Module "com.apple.iokit.power" claims selected messages.
	Those messages may not appear in standard system log files or in the ASL database.
May 11 19:50:23 localhost syslogd[134]: Configuration Notice:
	ASL Module "com.apple.contacts.ContactsAutocomplete" claims selected messages.
	Those messages may not appear in standard system log files or in the ASL database.
May 11 19:50:23 localhost syslogd[134]: Configuration Notice:
	ASL Module "com.apple.mkb" sharing output destination "/private/var/log/keybagd.log" with ASL Module "com.apple.mkb.internal".
	Output parameters from ASL Module "com.apple.mkb.internal" override any specified in ASL Module "com.apple.mkb".
May 11 19:50:23 localhost syslogd[134]: Configuration Notice:
	ASL Module "com.apple.mkb" claims selected messages.
	Those messages may not appear in standard system log files or in the ASL database.
May 11 19:50:23 localhost syslogd[134]: Configuration Notice:
	ASL Module "com.apple.MessageTracer" claims selected messages.
	Those messages may not appear in standard system log files or in the ASL database.
May 11 19:50:23 localhost syslogd[134]: ASL Sender Statistics
May 11 19:54:48 localhost bootlog[0]: BOOT_TIME 1778547288 0
May 11 19:55:13 localhost syslogd[134]: Configuration Notice:
	ASL Module "com.apple.cdscheduler" claims selected messages.
	Those messages may not appear in standard system log files or in the ASL database.
May 11 19:55:13 localhost syslogd[134]: Configuration Notice:
	ASL Module "com.apple.install" claims selected messages.
	Those messages may not appear in standard system log files or in the ASL database.
May 11 19:55:13 localhost syslogd[134]: Configuration Notice:
	ASL Module "com.apple.authd" sharing output destination "/var/log/asl" with ASL Module "com.apple.asl".
	Output parameters from ASL Module "com.apple.asl" override any specified in ASL Module "com.apple.authd".
May 11 19:55:13 localhost syslogd[134]: Configuration Notice:
	ASL Module "com.apple.authd" sharing output destination "/var/log/system.log" with ASL Module "com.apple.asl".
	Output parameters from ASL Module "com.apple.asl" override any specified in ASL Module "com.apple.authd".
May 11 19:55:13 localhost syslogd[134]: Configuration Notice:
	ASL Module "com.apple.authd" claims selected messages.
	Those messages may not appear in standard system log files or in the ASL database.
May 11 19:55:13 localhost syslogd[134]: Configuration Notice:
	ASL Module "com.apple.eventmonitor" claims selected messages.
	Those messages may not appear in standard system log files or in the ASL database.
May 11 19:55:13 localhost syslogd[134]: Configuration Notice:
	ASL Module "com.apple.mail" claims selected messages.
	Those messages may not appear in standard system log files or in the ASL database.
May 11 19:55:13 localhost syslogd[134]: Configuration Notice:
	ASL Module "com.apple.performance" claims selected messages.
	Those messages may not appear in standard system log files or in the ASL database.
May 11 19:55:13 localhost syslogd[134]: Configuration Notice:
	ASL Module "com.apple.iokit.power" claims selected messages.
	Those messages may not appear in standard system log files or in the ASL database.
May 11 19:55:13 localhost syslogd[134]: Configuration Notice:
	ASL Module "com.apple.contacts.ContactsAutocomplete" claims selected messages.
	Those messages may not appear in standard system log files or in the ASL database.
May 11 19:55:13 localhost syslogd[134]: Configuration Notice:
	ASL Module "com.apple.mkb" sharing output destination "/private/var/log/keybagd.log" with ASL Module "com.apple.mkb.internal".
	Output parameters from ASL Module "com.apple.mkb.internal" override any specified in ASL Module "com.apple.mkb".
May 11 19:55:13 localhost syslogd[134]: Configuration Notice:
	ASL Module "com.apple.mkb" claims selected messages.
	Those messages may not appear in standard system log files or in the ASL database.
May 11 19:55:13 localhost syslogd[134]: Configuration Notice:
	ASL Module "com.apple.MessageTracer" claims selected messages.
	Those messages may not appear in standard system log files or in the ASL database.
May 11 19:55:13 localhost syslogd[134]: ASL Sender Statistics
May 11 19:55:43 MacBook-Air loginwindow[168]: Clearing phase info
May 11 19:55:43 MacBook-Air loginwindow[168]: calling progress app remoteObjectProxy
May 11 19:55:43 MacBook-Air loginwindow[168]: Creating connection
May 11 19:55:43 MacBook-Air loginwindow[168]: Connection = 0x6000020545a0, callers = (
	    "<IASUPCaller: 0x6000013484c0>"
	)
May 11 19:55:43 MacBook-Air loginwindow[168]: version = 2
May 11 19:55:43 MacBook-Air loginwindow[168]: isModernOS = 1
May 11 19:55:43 MacBook-Air loginwindow[168]: Add phase named "IOKit Boot", progress 1.000000, delayInSeconds 0
May 11 19:55:43 MacBook-Air loginwindow[168]: Add phase named "loginwindow Boot", progress 99.000000, delayInSeconds -1
May 11 19:55:43 MacBook-Air loginwindow[168]: Connection = 0x6000020545a0, callers = (
	    "<IASUPCaller: 0x6000013484c0>",
	    "<IASUPCaller: 0x600001360ac0>"
	)
May 11 19:55:43 MacBook-Air loginwindow[168]: client 0x600000477f40: phaseName = "loginwindow Boot", registering connection
May 11 19:55:43 MacBook-Air loginwindow[168]: client 0x600000477f40: phaseName = "loginwindow Boot" was created
May 11 19:55:43 MacBook-Air loginwindow[168]: Connection = 0x6000020545a0, callers = (
	    "<IASUPCaller: 0x6000013484c0>",
	    "<IASUPCaller: 0x600001360ac0>",
	    "<IASUPCaller: 0x6000013603b0>"
	)
May 11 19:55:43 MacBook-Air loginwindow[168]: client 0x600000473200: phaseName = "IOKit Boot", registering connection
May 11 19:55:43 MacBook-Air loginwindow[168]: client 0x600000473200: phaseName = "IOKit Boot" was created
May 11 19:55:43 MacBook-Air loginwindow[168]: client 0x600000473200: phaseName = "IOKit Boot", show progress UI called
May 11 19:55:43 MacBook-Air loginwindow[168]: ISAP: Show progress UI called
May 11 19:55:43 MacBook-Air loginwindow[168]: client 0x600000473200: phaseName = "IOKit Boot" is done
May 11 19:55:43 MacBook-Air loginwindow[168]: ISAP: Done with Phase "IOKit Boot"
May 11 19:55:43 MacBook-Air loginwindow[168]: client 0x600000473200: phaseName = "IOKit Boot" is being released
May 11 19:55:43 MacBook-Air loginwindow[168]: Releasing Connection
May 11 19:55:43 MacBook-Air loginwindow[168]: client 0x600000477f40: handler = 0x600001f708d0
May 11 19:55:44 MacBook-Air loginwindow[168]: client 0x600000477f40: phaseName = "loginwindow Boot" is done
May 11 19:55:44 MacBook-Air loginwindow[168]: ISAP: Done with Phase "loginwindow Boot"
May 11 19:55:45 MacBook-Air loginwindow[168]: Calling completion handler for 0x600000477f40
May 11 19:55:45 MacBook-Air loginwindow[168]: client 0x600000477f40: phaseName = "loginwindow Boot" is already done
May 11 19:55:45 MacBook-Air loginwindow[168]: client 0x600000477f40: phaseName = "loginwindow Boot", hide progress UI called
May 11 19:55:45 MacBook-Air loginwindow[168]: ISAP: hide progress UI called
May 11 19:55:45 MacBook-Air loginwindow[168]: client 0x600000477f40: phaseName = "loginwindow Boot" is being released
May 11 19:55:45 MacBook-Air loginwindow[168]: Releasing Connection
May 11 19:55:50 MacBook-Air loginwindow[168]: The connection was interrupted, calling interruption handlers
May 11 19:55:56 MacBook-Air loginwindow[168]: USER_PROCESS: 168 console
May 11 19:55:57 MacBook-Air AMPDeviceDiscoveryAgent[462]: tid:1103 - This is here just to make sure we empty our found devices queue
May 11 19:55:57 MacBook-Air AMPDeviceDiscoveryAgent[462]: tid:1103 - (null)
May 11 19:55:57 MacBook-Air AMPDeviceDiscoveryAgent[462]: tid:1103 - Failed to subscribe for booted OS device notifications.
May 11 19:55:57 MacBook-Air AMPDeviceDiscoveryAgent[462]: tid:103 - (null)
May 11 19:56:43 macbook-air loginwindow[168]: There is still an active connection
May 11 19:57:15 --- last message repeated 1 time ---
May 11 20:02:50 macbook-air login[8028]: USER_PROCESS: 8028 ttys000
